Date;11 - Interest rate - Selic - % p.d.
3/1/2005;0.064826
4/1/2005;0.064826
5/1/2005;0.064826
6/1/2005;0.064826
7/1/2005;0.064826
10/1/2005;0.064826
11/1/2005;0.064826
12/1/2005;0.064826
13/01/2005;0.064826
14/01/2005;0.064826
17/01/2005;0.064826
18/01/2005;0.064826
19/01/2005;0.064860
20/01/2005;0.066509
21/01/2005;0.066509
24/01/2005;0.066509
25/01/2005;0.066509
26/01/2005;0.066509
27/01/2005;0.066509
28/01/2005;0.066509
31/01/2005;0.066509
1/2/2005;0.066509
2/2/2005;0.066542
3/2/2005;0.066542
4/2/2005;0.066542
9/2/2005;0.066542
10/2/2005;0.066542
11/2/2005;0.066576
14/02/2005;0.066576
15/02/2005;0.066576
16/02/2005;0.066576
17/02/2005;0.068218
18/02/2005;0.068218
21/02/2005;0.068218
22/02/2005;0.068218
23/02/2005;0.068218
24/02/2005;0.068218
25/02/2005;0.068218
28/02/2005;0.068184
1/3/2005;0.068184
2/3/2005;0.068184
3/3/2005;0.068184
4/3/2005;0.068184
7/3/2005;0.068218
8/3/2005;0.068218
9/3/2005;0.068218
10/3/2005;0.068218
11/3/2005;0.068218
14/03/2005;0.068218
15/03/2005;0.068218
16/03/2005;0.068218
17/03/2005;0.069853
18/03/2005;0.069853
21/03/2005;0.069853
22/03/2005;0.069853
23/03/2005;0.069853
24/03/2005;0.069853
28/03/2005;0.069886
29/03/2005;0.069886
30/03/2005;0.069886
31/03/2005;0.069886
1/4/2005;0.069853
4/4/2005;0.069853
5/4/2005;0.069853
6/4/2005;0.069853
7/4/2005;0.069853
8/4/2005;0.069853
11/4/2005;0.069853
12/4/2005;0.069853
13/04/2005;0.069853
14/04/2005;0.069853
15/04/2005;0.069853
18/04/2005;0.069853
19/04/2005;0.069853
20/04/2005;0.069853
22/04/2005;0.070685
25/04/2005;0.070685
26/04/2005;0.070685
27/04/2005;0.070718
28/04/2005;0.070718
29/04/2005;0.070718
2/5/2005;0.070718
3/5/2005;0.070751
4/5/2005;0.070751
5/5/2005;0.070751
6/5/2005;0.070751
9/5/2005;0.070784
10/5/2005;0.070784
11/5/2005;0.070784
12/5/2005;0.070784
13/05/2005;0.070784
16/05/2005;0.070784
17/05/2005;0.070784
18/05/2005;0.070751
19/05/2005;0.071581
20/05/2005;0.071548
23/05/2005;0.071548
24/05/2005;0.071548
25/05/2005;0.071548
27/05/2005;0.071548
30/05/2005;0.071548
31/05/2005;0.071581
1/6/2005;0.071581
2/6/2005;0.071548
3/6/2005;0.071548
6/6/2005;0.071548
7/6/2005;0.071548
8/6/2005;0.071548
9/6/2005;0.071548
10/6/2005;0.071548
13/06/2005;0.071548
14/06/2005;0.071548
15/06/2005;0.071548
16/06/2005;0.071515
17/06/2005;0.071515
20/06/2005;0.071515
21/06/2005;0.071515
22/06/2005;0.071515
23/06/2005;0.071515
24/06/2005;0.071515
27/06/2005;0.071515
28/06/2005;0.071515
29/06/2005;0.071515
30/06/2005;0.071515
1/7/2005;0.071481
4/7/2005;0.071448
5/7/2005;0.071448
6/7/2005;0.071448
7/7/2005;0.071448
8/7/2005;0.071448
11/7/2005;0.071448
12/7/2005;0.071448
13/07/2005;0.071448
14/07/2005;0.071448
15/07/2005;0.071481
18/07/2005;0.071448
19/07/2005;0.071448
20/07/2005;0.071448
21/07/2005;0.071448
22/07/2005;0.071448
25/07/2005;0.071448
26/07/2005;0.071448
27/07/2005;0.071448
28/07/2005;0.071481
29/07/2005;0.071515
1/8/2005;0.071515
2/8/2005;0.071548
3/8/2005;0.071548
4/8/2005;0.071581
5/8/2005;0.071581
8/8/2005;0.071581
9/8/2005;0.071581
10/8/2005;0.071581
11/8/2005;0.071581
12/8/2005;0.071581
15/08/2005;0.071581
16/08/2005;0.071614
17/08/2005;0.071548
18/08/2005;0.071515
19/08/2005;0.071515
22/08/2005;0.071515
23/08/2005;0.071515
24/08/2005;0.071515
25/08/2005;0.071515
26/08/2005;0.071515
29/08/2005;0.071481
30/08/2005;0.071481
31/08/2005;0.071481
1/9/2005;0.071515
2/9/2005;0.071481
5/9/2005;0.071481
6/9/2005;0.071515
8/9/2005;0.071515
9/9/2005;0.071515
12/9/2005;0.071515
13/09/2005;0.071515
14/09/2005;0.071515
15/09/2005;0.070685
16/09/2005;0.070718
19/09/2005;0.070751
20/09/2005;0.070751
21/09/2005;0.070718
22/09/2005;0.070751
23/09/2005;0.070718
26/09/2005;0.070718
27/09/2005;0.070718
28/09/2005;0.070784
29/09/2005;0.070784
30/09/2005;0.070818
3/10/2005;0.070651
4/10/2005;0.070585
5/10/2005;0.070552
6/10/2005;0.070552
7/10/2005;0.070552
10/10/2005;0.070552
11/10/2005;0.070552
13/10/2005;0.070552
14/10/2005;0.070552
17/10/2005;0.070552
18/10/2005;0.070552
19/10/2005;0.070552
20/10/2005;0.068886
21/10/2005;0.068886
24/10/2005;0.068886
25/10/2005;0.068886
26/10/2005;0.068886
27/10/2005;0.068886
28/10/2005;0.068886
31/10/2005;0.068886
1/11/2005;0.068886
3/11/2005;0.068886
4/11/2005;0.068919
7/11/2005;0.068953
8/11/2005;0.069020
9/11/2005;0.069086
10/11/2005;0.069120
11/11/2005;0.069153
14/11/2005;0.069153
16/11/2005;0.069120
17/11/2005;0.069086
18/11/2005;0.069053
21/11/2005;0.068986
22/11/2005;0.068986
23/11/2005;0.068919
24/11/2005;0.067247
25/11/2005;0.067280
28/11/2005;0.067347
29/11/2005;0.067381
30/11/2005;0.067481
1/12/2005;0.067448
2/12/2005;0.067381
5/12/2005;0.067347
6/12/2005;0.067314
7/12/2005;0.067314
8/12/2005;0.067314
9/12/2005;0.067314
12/12/2005;0.067314
13/12/2005;0.067314
14/12/2005;0.067314
15/12/2005;0.065702
16/12/2005;0.065803
19/12/2005;0.065836
20/12/2005;0.065836
21/12/2005;0.065836
22/12/2005;0.065836
23/12/2005;0.065836
26/12/2005;0.065836
27/12/2005;0.065836
28/12/2005;0.065836
29/12/2005;0.065870
30/12/2005;0.065870
2/1/2006;0.065635
3/1/2006;0.065635
4/1/2006;0.065601
5/1/2006;0.065567
6/1/2006;0.065534
9/1/2006;0.065534
10/1/2006;0.065534
11/1/2006;0.065534
12/1/2006;0.065534
13/01/2006;0.065534
16/01/2006;0.065534
17/01/2006;0.065534
18/01/2006;0.065534
19/01/2006;0.063001
20/01/2006;0.063001
23/01/2006;0.063001
24/01/2006;0.063001
25/01/2006;0.063035
26/01/2006;0.063068
27/01/2006;0.063102
30/01/2006;0.063102
31/01/2006;0.063102
1/2/2006;0.063102
2/2/2006;0.063136
3/2/2006;0.063204
6/2/2006;0.063238
7/2/2006;0.063272
8/2/2006;0.063305
9/2/2006;0.063305
10/2/2006;0.063305
13/02/2006;0.063305
14/02/2006;0.063305
15/02/2006;0.063305
16/02/2006;0.063305
17/02/2006;0.063305
20/02/2006;0.063305
21/02/2006;0.063305
22/02/2006;0.063305
23/02/2006;0.063305
24/02/2006;0.063305
1/3/2006;0.063305
2/3/2006;0.063305
3/3/2006;0.063305
6/3/2006;0.063305
7/3/2006;0.063305
8/3/2006;0.063305
9/3/2006;0.060758
10/3/2006;0.060758
13/03/2006;0.060758
14/03/2006;0.060758
15/03/2006;0.060758
16/03/2006;0.060758
17/03/2006;0.060758
20/03/2006;0.060758
21/03/2006;0.060758
22/03/2006;0.060758
23/03/2006;0.060758
24/03/2006;0.060758
27/03/2006;0.060758
28/03/2006;0.060758
29/03/2006;0.060758
30/03/2006;0.060758
31/03/2006;0.060758
3/4/2006;0.060452
4/4/2006;0.060452
5/4/2006;0.060452
6/4/2006;0.060452
7/4/2006;0.060452
10/4/2006;0.060452
11/4/2006;0.060452
12/4/2006;0.060452
13/04/2006;0.060452
17/04/2006;0.060452
18/04/2006;0.060452
19/04/2006;0.060417
20/04/2006;0.057852
24/04/2006;0.057817
25/04/2006;0.057817
26/04/2006;0.057817
27/04/2006;0.057852
28/04/2006;0.057886
2/5/2006;0.057886
3/5/2006;0.057920
4/5/2006;0.057920
5/5/2006;0.058126
8/5/2006;0.058126
9/5/2006;0.058126
10/5/2006;0.057920
11/5/2006;0.057886
12/5/2006;0.058058
15/05/2006;0.058023
16/05/2006;0.058126
17/05/2006;0.057817
18/05/2006;0.057817
19/05/2006;0.057749
22/05/2006;0.057749
23/05/2006;0.057783
24/05/2006;0.057749
25/05/2006;0.057783
26/05/2006;0.057749
29/05/2006;0.057783
30/05/2006;0.057749
31/05/2006;0.057749
1/6/2006;0.056063
2/6/2006;0.056028
5/6/2006;0.056063
6/6/2006;0.056063
7/6/2006;0.056063
8/6/2006;0.056063
9/6/2006;0.056063
12/6/2006;0.056097
13/06/2006;0.056132
14/06/2006;0.056097
16/06/2006;0.056097
19/06/2006;0.056097
20/06/2006;0.056097
21/06/2006;0.056097
22/06/2006;0.056097
23/06/2006;0.056063
26/06/2006;0.056097
27/06/2006;0.056097
28/06/2006;0.056097
29/06/2006;0.056097
30/06/2006;0.056097
3/7/2006;0.056063
4/7/2006;0.056097
5/7/2006;0.056097
6/7/2006;0.056097
7/7/2006;0.056097
10/7/2006;0.056097
11/7/2006;0.056097
12/7/2006;0.056097
13/07/2006;0.056097
14/07/2006;0.056097
17/07/2006;0.056028
18/07/2006;0.056132
19/07/2006;0.056063
20/07/2006;0.054301
21/07/2006;0.054266
24/07/2006;0.054301
25/07/2006;0.054301
26/07/2006;0.054301
27/07/2006;0.054301
28/07/2006;0.054266
31/07/2006;0.054301
1/8/2006;0.054301
2/8/2006;0.054301
3/8/2006;0.054335
4/8/2006;0.054301
7/8/2006;0.054301
8/8/2006;0.054301
9/8/2006;0.054301
10/8/2006;0.054301
11/8/2006;0.054335
14/08/2006;0.054405
15/08/2006;0.054439
16/08/2006;0.054405
17/08/2006;0.054405
18/08/2006;0.054578
21/08/2006;0.054439
22/08/2006;0.054405
23/08/2006;0.054370
24/08/2006;0.054405
25/08/2006;0.054370
28/08/2006;0.054405
29/08/2006;0.054405
30/08/2006;0.054335
31/08/2006;0.052635
1/9/2006;0.052600
4/9/2006;0.052600
5/9/2006;0.052635
6/9/2006;0.052600
8/9/2006;0.052600
11/9/2006;0.052600
12/9/2006;0.052600
13/09/2006;0.052600
14/09/2006;0.052600
15/09/2006;0.052600
18/09/2006;0.052566
19/09/2006;0.052600
20/09/2006;0.052600
21/09/2006;0.052635
22/09/2006;0.052600
25/09/2006;0.052600
26/09/2006;0.052600
27/09/2006;0.052600
28/09/2006;0.052600
29/09/2006;0.052600
2/10/2006;0.052566
3/10/2006;0.052566
4/10/2006;0.052566
5/10/2006;0.052566
6/10/2006;0.052600
9/10/2006;0.052566
10/10/2006;0.052566
11/10/2006;0.052566
13/10/2006;0.052566
16/10/2006;0.052566
17/10/2006;0.052566
18/10/2006;0.052566
19/10/2006;0.050858
20/10/2006;0.050788
23/10/2006;0.050823
24/10/2006;0.050858
25/10/2006;0.050893
26/10/2006;0.050893
27/10/2006;0.050858
30/10/2006;0.050893
31/10/2006;0.050893
1/11/2006;0.050893
3/11/2006;0.050858
6/11/2006;0.050928
7/11/2006;0.050928
8/11/2006;0.050928
9/11/2006;0.050893
10/11/2006;0.050823
13/11/2006;0.050893
14/11/2006;0.050858
16/11/2006;0.050823
17/11/2006;0.050823
20/11/2006;0.050893
21/11/2006;0.050893
22/11/2006;0.050823
23/11/2006;0.050858
24/11/2006;0.050823
27/11/2006;0.050823
28/11/2006;0.050893
29/11/2006;0.050893
30/11/2006;0.049143
1/12/2006;0.049143
4/12/2006;0.049143
5/12/2006;0.049178
6/12/2006;0.049143
7/12/2006;0.049143
8/12/2006;0.049143
11/12/2006;0.049178
12/12/2006;0.049143
13/12/2006;0.049178
14/12/2006;0.049178
15/12/2006;0.049143
18/12/2006;0.049178
19/12/2006;0.049178
20/12/2006;0.049178
21/12/2006;0.049178
22/12/2006;0.049178
26/12/2006;0.049178
27/12/2006;0.049143
28/12/2006;0.049178
29/12/2006;0.049178
2/1/2007;0.049178
3/1/2007;0.049143
4/1/2007;0.049178
5/1/2007;0.049178
8/1/2007;0.049178
9/1/2007;0.049178
10/1/2007;0.049178
11/1/2007;0.049178
12/1/2007;0.049143
15/01/2007;0.049178
16/01/2007;0.049178
17/01/2007;0.049178
18/01/2007;0.049178
19/01/2007;0.049178
22/01/2007;0.049178
23/01/2007;0.049178
24/01/2007;0.049143
25/01/2007;0.048300
26/01/2007;0.048230
29/01/2007;0.048265
30/01/2007;0.048265
31/01/2007;0.048265
1/2/2007;0.048265
2/2/2007;0.048265
5/2/2007;0.048265
6/2/2007;0.048265
7/2/2007;0.048265
8/2/2007;0.048265
9/2/2007;0.048265
12/2/2007;0.048265
13/02/2007;0.048265
14/02/2007;0.048265
15/02/2007;0.048265
16/02/2007;0.048300
21/02/2007;0.048300
22/02/2007;0.048300
23/02/2007;0.048300
26/02/2007;0.048265
27/02/2007;0.048265
28/02/2007;0.048265
1/3/2007;0.048265
2/3/2007;0.048265
5/3/2007;0.048265
6/3/2007;0.048265
7/3/2007;0.048265
8/3/2007;0.047420
9/3/2007;0.047420
12/3/2007;0.047420
13/03/2007;0.047385
14/03/2007;0.047385
15/03/2007;0.047385
16/03/2007;0.047385
19/03/2007;0.047385
20/03/2007;0.047385
21/03/2007;0.047385
22/03/2007;0.047385
23/03/2007;0.047385
26/03/2007;0.047385
27/03/2007;0.047385
28/03/2007;0.047385
29/03/2007;0.047385
30/03/2007;0.047385
2/4/2007;0.047385
3/4/2007;0.047385
4/4/2007;0.047385
5/4/2007;0.047420
9/4/2007;0.047385
10/4/2007;0.047385
11/4/2007;0.047385
12/4/2007;0.047385
13/04/2007;0.047385
16/04/2007;0.047385
17/04/2007;0.047350
18/04/2007;0.047350
19/04/2007;0.046503
20/04/2007;0.046503
23/04/2007;0.046503
24/04/2007;0.046503
25/04/2007;0.046503
26/04/2007;0.046503
27/04/2007;0.046503
30/04/2007;0.046503
2/5/2007;0.046503
3/5/2007;0.046503
4/5/2007;0.046503
7/5/2007;0.046503
8/5/2007;0.046503
9/5/2007;0.046503
10/5/2007;0.046503
11/5/2007;0.046503
14/05/2007;0.046503
15/05/2007;0.046503
16/05/2007;0.046503
17/05/2007;0.046503
18/05/2007;0.046503
21/05/2007;0.046503
22/05/2007;0.046503
23/05/2007;0.046503
24/05/2007;0.046503
25/05/2007;0.046503
28/05/2007;0.046503
29/05/2007;0.046503
30/05/2007;0.046503
31/05/2007;0.046503
1/6/2007;0.046503
4/6/2007;0.046503
5/6/2007;0.046503
6/6/2007;0.046503
8/6/2007;0.044734
11/6/2007;0.044734
12/6/2007;0.044734
13/06/2007;0.044734
14/06/2007;0.044734
15/06/2007;0.044734
18/06/2007;0.044734
19/06/2007;0.044734
20/06/2007;0.044734
21/06/2007;0.044734
22/06/2007;0.044734
25/06/2007;0.044734
26/06/2007;0.044734
27/06/2007;0.044734
28/06/2007;0.044734
29/06/2007;0.044734
2/7/2007;0.044734
3/7/2007;0.044734
4/7/2007;0.044734
5/7/2007;0.044734
6/7/2007;0.044734
9/7/2007;0.044734
10/7/2007;0.044734
11/7/2007;0.044734
12/7/2007;0.044734
13/07/2007;0.044734
16/07/2007;0.044734
17/07/2007;0.044734
18/07/2007;0.044734
19/07/2007;0.042956
20/07/2007;0.042956
23/07/2007;0.042956
24/07/2007;0.042956
25/07/2007;0.042956
26/07/2007;0.042956
27/07/2007;0.042956
30/07/2007;0.042956
31/07/2007;0.042956
1/8/2007;0.042956
2/8/2007;0.042956
3/8/2007;0.042956
6/8/2007;0.042956
7/8/2007;0.042956
8/8/2007;0.042956
9/8/2007;0.042956
10/8/2007;0.042956
13/08/2007;0.042921
14/08/2007;0.042956
15/08/2007;0.042956
16/08/2007;0.042956
17/08/2007;0.042956
20/08/2007;0.042956
21/08/2007;0.042956
22/08/2007;0.042956
23/08/2007;0.042956
24/08/2007;0.042956
27/08/2007;0.042956
28/08/2007;0.042956
29/08/2007;0.042956
30/08/2007;0.042956
31/08/2007;0.042956
3/9/2007;0.042956
4/9/2007;0.042956
5/9/2007;0.042956
6/9/2007;0.042065
10/9/2007;0.042065
11/9/2007;0.042065
12/9/2007;0.042065
13/09/2007;0.042065
14/09/2007;0.042065
17/09/2007;0.042065
18/09/2007;0.042065
19/09/2007;0.042065
20/09/2007;0.042065
21/09/2007;0.042065
24/09/2007;0.042065
25/09/2007;0.042065
26/09/2007;0.042065
27/09/2007;0.042065
28/09/2007;0.042065
1/10/2007;0.042065
2/10/2007;0.042065
3/10/2007;0.042065
4/10/2007;0.042065
5/10/2007;0.042065
8/10/2007;0.042065
9/10/2007;0.042065
10/10/2007;0.042065
11/10/2007;0.042065
15/10/2007;0.042065
16/10/2007;0.042065
17/10/2007;0.042065
18/10/2007;0.042065
19/10/2007;0.042065
22/10/2007;0.042065
23/10/2007;0.042065
24/10/2007;0.042065
25/10/2007;0.042065
26/10/2007;0.042065
29/10/2007;0.042065
30/10/2007;0.042029
31/10/2007;0.042065
1/11/2007;0.042065
5/11/2007;0.042065
6/11/2007;0.042065
7/11/2007;0.042065
8/11/2007;0.042065
9/11/2007;0.042065
12/11/2007;0.042065
13/11/2007;0.042065
14/11/2007;0.042065
16/11/2007;0.042065
19/11/2007;0.042065
20/11/2007;0.042065
21/11/2007;0.042065
22/11/2007;0.042065
23/11/2007;0.042065
26/11/2007;0.042065
27/11/2007;0.042065
28/11/2007;0.042065
29/11/2007;0.042065
30/11/2007;0.042065
3/12/2007;0.042065
4/12/2007;0.042065
5/12/2007;0.042065
6/12/2007;0.042065
7/12/2007;0.042065
10/12/2007;0.042065
11/12/2007;0.042065
12/12/2007;0.042065
13/12/2007;0.042065
14/12/2007;0.042065
17/12/2007;0.042065
18/12/2007;0.042065
19/12/2007;0.042065
20/12/2007;0.042065
21/12/2007;0.042065
24/12/2007;0.042065
26/12/2007;0.042065
27/12/2007;0.042065
28/12/2007;0.042065
31/12/2007;0.042065
2/1/2008;0.042065
3/1/2008;0.042065
4/1/2008;0.042065
7/1/2008;0.042029
8/1/2008;0.042029
9/1/2008;0.042065
10/1/2008;0.042065
11/1/2008;0.042065
14/01/2008;0.042065
15/01/2008;0.042065
16/01/2008;0.042065
17/01/2008;0.042065
18/01/2008;0.042065
21/01/2008;0.042029
22/01/2008;0.042065
23/01/2008;0.042065
24/01/2008;0.042029
25/01/2008;0.042065
28/01/2008;0.042065
29/01/2008;0.042065
30/01/2008;0.042065
31/01/2008;0.042065
1/2/2008;0.042065
6/2/2008;0.042065
7/2/2008;0.042065
8/2/2008;0.042065
11/2/2008;0.042065
12/2/2008;0.042065
13/02/2008;0.042065
14/02/2008;0.042065
15/02/2008;0.042029
18/02/2008;0.042065
19/02/2008;0.042065
20/02/2008;0.042065
21/02/2008;0.042065
22/02/2008;0.042065
25/02/2008;0.042065
26/02/2008;0.042065
27/02/2008;0.042065
28/02/2008;0.042065
29/02/2008;0.042065
3/3/2008;0.042065
4/3/2008;0.042029
5/3/2008;0.042065
6/3/2008;0.042065
7/3/2008;0.042065
10/3/2008;0.042065
11/3/2008;0.042065
12/3/2008;0.042065
13/03/2008;0.042065
14/03/2008;0.042065
17/03/2008;0.042065
18/03/2008;0.042029
19/03/2008;0.042065
20/03/2008;0.042065
24/03/2008;0.042065
25/03/2008;0.042065
26/03/2008;0.042065
27/03/2008;0.042065
28/03/2008;0.042065
31/03/2008;0.042065
1/4/2008;0.042065
2/4/2008;0.041886
3/4/2008;0.042065
4/4/2008;0.042065
7/4/2008;0.042065
8/4/2008;0.042065
9/4/2008;0.042065
10/4/2008;0.042065
11/4/2008;0.042065
14/04/2008;0.042065
15/04/2008;0.042065
16/04/2008;0.042065
17/04/2008;0.043846
18/04/2008;0.043739
22/04/2008;0.043704
23/04/2008;0.043704
24/04/2008;0.043633
25/04/2008;0.043561
28/04/2008;0.043597
29/04/2008;0.043597
30/04/2008;0.043597
2/5/2008;0.043597
5/5/2008;0.043597
6/5/2008;0.043597
7/5/2008;0.043597
8/5/2008;0.043561
9/5/2008;0.043597
12/5/2008;0.043597
13/05/2008;0.043633
14/05/2008;0.043668
15/05/2008;0.043668
16/05/2008;0.043704
19/05/2008;0.043704
20/05/2008;0.043704
21/05/2008;0.043704
23/05/2008;0.043704
26/05/2008;0.043704
27/05/2008;0.043704
28/05/2008;0.043704
29/05/2008;0.043704
30/05/2008;0.043704
2/6/2008;0.043704
3/6/2008;0.043704
4/6/2008;0.043704
5/6/2008;0.045478
6/6/2008;0.045478
9/6/2008;0.045478
10/6/2008;0.045549
11/6/2008;0.045584
12/6/2008;0.045584
13/06/2008;0.045584
16/06/2008;0.045584
17/06/2008;0.045584
18/06/2008;0.045584
19/06/2008;0.045584
20/06/2008;0.045584
23/06/2008;0.045584
24/06/2008;0.045584
25/06/2008;0.045584
26/06/2008;0.045584
27/06/2008;0.045584
30/06/2008;0.045584
1/7/2008;0.045584
2/7/2008;0.045584
3/7/2008;0.045584
4/7/2008;0.045584
7/7/2008;0.045584
8/7/2008;0.045584
9/7/2008;0.045584
10/7/2008;0.045584
11/7/2008;0.045584
14/07/2008;0.045584
15/07/2008;0.045584
16/07/2008;0.045584
17/07/2008;0.045584
18/07/2008;0.045584
21/07/2008;0.045584
22/07/2008;0.045584
23/07/2008;0.045549
24/07/2008;0.048194
25/07/2008;0.048230
28/07/2008;0.048230
29/07/2008;0.048230
30/07/2008;0.048230
31/07/2008;0.048230
1/8/2008;0.048230
4/8/2008;0.048230
5/8/2008;0.048230
6/8/2008;0.048230
7/8/2008;0.048230
8/8/2008;0.048230
11/8/2008;0.048230
12/8/2008;0.048194
13/08/2008;0.048194
14/08/2008;0.048230
15/08/2008;0.048230
18/08/2008;0.048230
19/08/2008;0.048230
20/08/2008;0.048230
21/08/2008;0.048230
22/08/2008;0.048230
25/08/2008;0.048230
26/08/2008;0.048230
27/08/2008;0.048230
28/08/2008;0.048230
29/08/2008;0.048230
1/9/2008;0.048194
2/9/2008;0.048230
3/9/2008;0.048230
4/9/2008;0.048230
5/9/2008;0.048230
8/9/2008;0.048194
9/9/2008;0.048230
10/9/2008;0.048230
11/9/2008;0.050823
12/9/2008;0.050823
15/09/2008;0.050823
16/09/2008;0.050823
17/09/2008;0.050823
18/09/2008;0.050823
19/09/2008;0.050823
22/09/2008;0.050823
23/09/2008;0.050823
24/09/2008;0.050823
25/09/2008;0.050823
26/09/2008;0.050823
29/09/2008;0.050858
30/09/2008;0.050823
1/10/2008;0.050823
2/10/2008;0.050858
3/10/2008;0.050858
6/10/2008;0.050858
7/10/2008;0.050858
8/10/2008;0.050858
9/10/2008;0.050858
10/10/2008;0.050858
13/10/2008;0.050858
14/10/2008;0.050858
15/10/2008;0.050858
16/10/2008;0.050823
17/10/2008;0.050823
20/10/2008;0.050823
21/10/2008;0.050823
22/10/2008;0.050823
23/10/2008;0.050823
24/10/2008;0.050823
27/10/2008;0.050823
28/10/2008;0.050823
29/10/2008;0.050858
30/10/2008;0.050858
31/10/2008;0.050788
3/11/2008;0.050788
4/11/2008;0.050788
5/11/2008;0.050788
6/11/2008;0.050788
7/11/2008;0.050753
10/11/2008;0.050753
11/11/2008;0.050753
12/11/2008;0.050753
13/11/2008;0.050753
14/11/2008;0.050718
17/11/2008;0.050718
18/11/2008;0.050718
19/11/2008;0.050753
20/11/2008;0.050718
21/11/2008;0.050718
24/11/2008;0.050753
25/11/2008;0.050753
26/11/2008;0.050753
27/11/2008;0.050753
28/11/2008;0.050788
1/12/2008;0.050788
2/12/2008;0.050823
3/12/2008;0.050823
4/12/2008;0.050823
5/12/2008;0.050823
8/12/2008;0.050823
9/12/2008;0.050823
10/12/2008;0.050823
11/12/2008;0.050823
12/12/2008;0.050823
15/12/2008;0.050823
16/12/2008;0.050823
17/12/2008;0.050823
18/12/2008;0.050823
19/12/2008;0.050823
22/12/2008;0.050823
23/12/2008;0.050823
24/12/2008;0.050823
26/12/2008;0.050823
29/12/2008;0.050823
30/12/2008;0.050823
31/12/2008;0.050858
2/1/2009;0.050858
5/1/2009;0.050823
6/1/2009;0.050823
7/1/2009;0.050823
8/1/2009;0.050823
9/1/2009;0.050823
12/1/2009;0.050823
13/01/2009;0.050823
14/01/2009;0.050823
15/01/2009;0.050823
16/01/2009;0.050823
19/01/2009;0.050823
20/01/2009;0.050788
21/01/2009;0.050788
22/01/2009;0.047279
23/01/2009;0.047314
26/01/2009;0.047279
27/01/2009;0.047314
28/01/2009;0.047314
29/01/2009;0.047314
30/01/2009;0.047314
2/2/2009;0.047314
3/2/2009;0.047314
4/2/2009;0.047314
5/2/2009;0.047314
6/2/2009;0.047314
9/2/2009;0.047314
10/2/2009;0.047314
11/2/2009;0.047314
12/2/2009;0.047314
13/02/2009;0.047314
16/02/2009;0.047314
17/02/2009;0.047314
18/02/2009;0.047314
19/02/2009;0.047314
20/02/2009;0.047314
25/02/2009;0.047314
26/02/2009;0.047314
27/02/2009;0.047314
2/3/2009;0.047314
3/3/2009;0.047314
4/3/2009;0.047314
5/3/2009;0.047314
6/3/2009;0.047314
9/3/2009;0.047314
10/3/2009;0.047314
11/3/2009;0.047314
12/3/2009;0.041993
13/03/2009;0.041993
16/03/2009;0.041993
17/03/2009;0.041993
18/03/2009;0.041993
19/03/2009;0.041993
20/03/2009;0.041993
23/03/2009;0.041993
24/03/2009;0.041993
25/03/2009;0.041993
26/03/2009;0.041993
27/03/2009;0.041993
30/03/2009;0.041993
31/03/2009;0.041993
1/4/2009;0.041993
2/4/2009;0.041993
3/4/2009;0.041993
6/4/2009;0.041993
7/4/2009;0.041993
8/4/2009;0.041993
9/4/2009;0.041993
13/04/2009;0.041993
14/04/2009;0.041993
15/04/2009;0.041993
16/04/2009;0.041993
17/04/2009;0.041993
20/04/2009;0.041993
22/04/2009;0.041993
23/04/2009;0.041993
24/04/2009;0.041993
27/04/2009;0.041993
28/04/2009;0.041993
29/04/2009;0.041957
30/04/2009;0.038406
4/5/2009;0.038406
5/5/2009;0.038406
6/5/2009;0.038406
7/5/2009;0.038406
8/5/2009;0.038406
11/5/2009;0.038406
12/5/2009;0.038370
13/05/2009;0.038406
14/05/2009;0.038406
15/05/2009;0.038406
18/05/2009;0.038406
19/05/2009;0.038406
20/05/2009;0.038406
21/05/2009;0.038406
22/05/2009;0.038406
25/05/2009;0.038406
26/05/2009;0.038406
27/05/2009;0.038406
28/05/2009;0.038406
29/05/2009;0.038406
1/6/2009;0.038406
2/6/2009;0.038406
3/6/2009;0.038406
4/6/2009;0.038406
5/6/2009;0.038406
8/6/2009;0.038406
9/6/2009;0.038406
10/6/2009;0.038370
12/6/2009;0.034786
15/06/2009;0.034786
16/06/2009;0.034786
17/06/2009;0.034786
18/06/2009;0.034786
19/06/2009;0.034786
22/06/2009;0.034786
23/06/2009;0.034786
24/06/2009;0.034786
25/06/2009;0.034786
26/06/2009;0.034786
29/06/2009;0.034786
30/06/2009;0.034786
1/7/2009;0.034786
2/7/2009;0.034786
3/7/2009;0.034786
6/7/2009;0.034786
7/7/2009;0.034786
8/7/2009;0.034786
9/7/2009;0.034786
10/7/2009;0.034786
13/07/2009;0.034786
14/07/2009;0.034786
15/07/2009;0.034786
16/07/2009;0.034786
17/07/2009;0.034786
20/07/2009;0.034786
21/07/2009;0.034786
22/07/2009;0.034749
23/07/2009;0.032963
24/07/2009;0.032963
27/07/2009;0.032963
28/07/2009;0.032927
29/07/2009;0.032963
30/07/2009;0.032927
31/07/2009;0.032927
3/8/2009;0.032927
4/8/2009;0.032927
5/8/2009;0.032927
6/8/2009;0.032927
7/8/2009;0.032927
10/8/2009;0.032927
11/8/2009;0.032927
12/8/2009;0.032927
13/08/2009;0.032927
14/08/2009;0.032927
17/08/2009;0.032927
18/08/2009;0.032927
19/08/2009;0.032927
20/08/2009;0.032927
21/08/2009;0.032927
24/08/2009;0.032927
25/08/2009;0.032927
26/08/2009;0.032927
27/08/2009;0.032927
28/08/2009;0.032927
31/08/2009;0.032927
1/9/2009;0.032927
2/9/2009;0.032927
3/9/2009;0.032927
4/9/2009;0.032927
8/9/2009;0.032927
9/9/2009;0.032927
10/9/2009;0.032927
11/9/2009;0.032927
14/09/2009;0.032927
15/09/2009;0.032927
16/09/2009;0.032927
17/09/2009;0.032927
18/09/2009;0.032927
21/09/2009;0.032927
22/09/2009;0.032927
23/09/2009;0.032927
24/09/2009;0.032927
25/09/2009;0.032927
28/09/2009;0.032927
29/09/2009;0.032927
30/09/2009;0.032927
1/10/2009;0.032927
2/10/2009;0.032927
5/10/2009;0.032927
6/10/2009;0.032927
7/10/2009;0.032927
8/10/2009;0.032927
9/10/2009;0.032927
13/10/2009;0.032927
14/10/2009;0.032927
15/10/2009;0.032927
16/10/2009;0.032927
19/10/2009;0.032927
20/10/2009;0.032927
21/10/2009;0.032927
22/10/2009;0.032927
23/10/2009;0.032927
26/10/2009;0.032927
27/10/2009;0.032927
28/10/2009;0.032927
29/10/2009;0.032927
30/10/2009;0.032927
3/11/2009;0.032927
4/11/2009;0.032927
5/11/2009;0.032927
6/11/2009;0.032927
9/11/2009;0.032927
10/11/2009;0.032927
11/11/2009;0.032927
12/11/2009;0.032927
13/11/2009;0.032927
16/11/2009;0.032927
17/11/2009;0.032927
18/11/2009;0.032927
19/11/2009;0.032927
20/11/2009;0.032927
23/11/2009;0.032927
24/11/2009;0.032927
25/11/2009;0.032927
26/11/2009;0.032927
27/11/2009;0.032927
30/11/2009;0.032927
1/12/2009;0.032927
2/12/2009;0.032927
3/12/2009;0.032927
4/12/2009;0.032927
7/12/2009;0.032927
8/12/2009;0.032927
9/12/2009;0.032927
10/12/2009;0.032927
11/12/2009;0.032927
14/12/2009;0.032927
15/12/2009;0.032927
16/12/2009;0.032927
17/12/2009;0.032927
18/12/2009;0.032927
21/12/2009;0.032927
22/12/2009;0.032927
23/12/2009;0.032927
24/12/2009;0.032927
28/12/2009;0.032927
29/12/2009;0.032890
30/12/2009;0.032927
31/12/2009;0.032927
4/1/2010;0.032927
5/1/2010;0.032927
6/1/2010;0.032927
7/1/2010;0.032927
8/1/2010;0.032927
11/1/2010;0.032927
12/1/2010;0.032927
13/01/2010;0.032927
14/01/2010;0.032927
15/01/2010;0.032927
18/01/2010;0.032927
19/01/2010;0.032927
20/01/2010;0.032927
21/01/2010;0.032927
22/01/2010;0.032927
25/01/2010;0.032927
26/01/2010;0.032890
27/01/2010;0.032927
28/01/2010;0.032927
29/01/2010;0.032927
1/2/2010;0.032927
2/2/2010;0.032927
3/2/2010;0.032927
4/2/2010;0.032927
5/2/2010;0.032927
8/2/2010;0.032927
9/2/2010;0.032927
10/2/2010;0.032927
11/2/2010;0.032927
12/2/2010;0.032927
17/02/2010;0.032927
18/02/2010;0.032927
19/02/2010;0.032927
22/02/2010;0.032927
23/02/2010;0.032927
24/02/2010;0.032927
25/02/2010;0.032927
26/02/2010;0.032927
1/3/2010;0.032927
2/3/2010;0.032927
3/3/2010;0.032927
4/3/2010;0.032927
5/3/2010;0.032927
8/3/2010;0.032927
9/3/2010;0.032927
10/3/2010;0.032927
11/3/2010;0.032927
12/3/2010;0.032927
15/03/2010;0.032927
16/03/2010;0.032927
17/03/2010;0.032927
18/03/2010;0.032927
19/03/2010;0.032927
22/03/2010;0.032927
23/03/2010;0.032927
24/03/2010;0.032927
25/03/2010;0.032927
26/03/2010;0.032927
29/03/2010;0.032927
30/03/2010;0.032927
31/03/2010;0.032927
1/4/2010;0.032927
5/4/2010;0.032927
6/4/2010;0.032927
7/4/2010;0.032927
8/4/2010;0.032927
9/4/2010;0.032927
12/4/2010;0.032927
13/04/2010;0.032927
14/04/2010;0.032927
15/04/2010;0.032927
16/04/2010;0.032927
19/04/2010;0.032927
20/04/2010;0.032927
22/04/2010;0.032927
23/04/2010;0.032890
26/04/2010;0.032890
27/04/2010;0.032890
28/04/2010;0.032890
29/04/2010;0.035621
30/04/2010;0.035657
3/5/2010;0.035657
4/5/2010;0.035657
5/5/2010;0.035657
6/5/2010;0.035657
7/5/2010;0.035657
10/5/2010;0.035657
11/5/2010;0.035657
12/5/2010;0.035657
13/05/2010;0.035657
14/05/2010;0.035657
17/05/2010;0.035657
18/05/2010;0.035657
19/05/2010;0.035657
20/05/2010;0.035657
21/05/2010;0.035657
24/05/2010;0.035621
25/05/2010;0.035657
26/05/2010;0.035657
27/05/2010;0.035657
28/05/2010;0.035621
31/05/2010;0.035621
1/6/2010;0.035657
2/6/2010;0.035657
4/6/2010;0.035657
7/6/2010;0.035657
8/6/2010;0.035657
9/6/2010;0.035657
10/6/2010;0.038370
11/6/2010;0.038370
14/06/2010;0.038370
15/06/2010;0.038370
16/06/2010;0.038370
17/06/2010;0.038370
18/06/2010;0.038370
21/06/2010;0.038370
22/06/2010;0.038370
23/06/2010;0.038370
24/06/2010;0.038370
25/06/2010;0.038370
28/06/2010;0.038406
29/06/2010;0.038406
30/06/2010;0.038406
1/7/2010;0.038406
2/7/2010;0.038406
5/7/2010;0.038406
6/7/2010;0.038406
7/7/2010;0.038406
8/7/2010;0.038406
9/7/2010;0.038406
12/7/2010;0.038406
13/07/2010;0.038406
14/07/2010;0.038406
15/07/2010;0.038406
16/07/2010;0.038406
19/07/2010;0.038406
20/07/2010;0.038406
21/07/2010;0.038406
22/07/2010;0.040203
23/07/2010;0.040203
26/07/2010;0.040203
27/07/2010;0.040203
28/07/2010;0.040203
29/07/2010;0.040203
30/07/2010;0.040203
2/8/2010;0.040203
3/8/2010;0.040203
4/8/2010;0.040203
5/8/2010;0.040203
6/8/2010;0.040203
9/8/2010;0.040203
10/8/2010;0.040203
11/8/2010;0.040203
12/8/2010;0.040203
13/08/2010;0.040203
16/08/2010;0.040203
17/08/2010;0.040203
18/08/2010;0.040203
19/08/2010;0.040203
20/08/2010;0.040203
23/08/2010;0.040203
24/08/2010;0.040203
25/08/2010;0.040203
26/08/2010;0.040203
27/08/2010;0.040203
30/08/2010;0.040203
31/08/2010;0.040203
1/9/2010;0.040203
2/9/2010;0.040203
3/9/2010;0.040203
6/9/2010;0.040203
8/9/2010;0.040203
9/9/2010;0.040203
10/9/2010;0.040203
13/09/2010;0.040203
14/09/2010;0.040203
15/09/2010;0.040203
16/09/2010;0.040203
17/09/2010;0.040203
20/09/2010;0.040203
21/09/2010;0.040203
22/09/2010;0.040203
23/09/2010;0.040203
24/09/2010;0.040203
27/09/2010;0.040203
28/09/2010;0.040203
29/09/2010;0.040203
30/09/2010;0.040203
1/10/2010;0.040203
4/10/2010;0.040203
5/10/2010;0.040203
6/10/2010;0.040203
7/10/2010;0.040203
8/10/2010;0.040203
11/10/2010;0.040203
13/10/2010;0.040203
14/10/2010;0.040203
15/10/2010;0.040203
18/10/2010;0.040203
19/10/2010;0.040203
20/10/2010;0.040203
21/10/2010;0.040203
22/10/2010;0.040203
25/10/2010;0.040203
26/10/2010;0.040203
27/10/2010;0.040203
28/10/2010;0.040203
29/10/2010;0.040203
1/11/2010;0.040203
3/11/2010;0.040203
4/11/2010;0.040203
5/11/2010;0.040203
8/11/2010;0.040203
9/11/2010;0.040203
10/11/2010;0.040203
11/11/2010;0.040203
12/11/2010;0.040203
16/11/2010;0.040203
17/11/2010;0.040203
18/11/2010;0.040203
19/11/2010;0.040203
22/11/2010;0.040203
23/11/2010;0.040203
24/11/2010;0.040203
25/11/2010;0.040203
26/11/2010;0.040203
29/11/2010;0.040203
30/11/2010;0.040203
1/12/2010;0.040203
2/12/2010;0.040203
3/12/2010;0.040203
6/12/2010;0.040203
7/12/2010;0.040203
8/12/2010;0.040203
9/12/2010;0.040203
10/12/2010;0.040203
13/12/2010;0.040203
14/12/2010;0.040203
15/12/2010;0.040203
16/12/2010;0.040239
17/12/2010;0.040203
20/12/2010;0.040203
21/12/2010;0.040203
22/12/2010;0.040203
23/12/2010;0.040203
24/12/2010;0.040203
27/12/2010;0.040203
28/12/2010;0.040203
29/12/2010;0.040203
30/12/2010;0.040239
31/12/2010;0.040239
3/1/2011;0.040239
4/1/2011;0.040203
5/1/2011;0.040239
6/1/2011;0.040203
7/1/2011;0.040239
10/1/2011;0.040203
11/1/2011;0.040203
12/1/2011;0.040203
13/01/2011;0.040203
14/01/2011;0.040203
17/01/2011;0.040203
18/01/2011;0.040203
19/01/2011;0.040203
20/01/2011;0.041993
21/01/2011;0.041993
24/01/2011;0.041993
25/01/2011;0.041993
26/01/2011;0.041993
27/01/2011;0.042029
28/01/2011;0.042029
31/01/2011;0.042029
1/2/2011;0.041993
2/2/2011;0.042029
3/2/2011;0.042029
4/2/2011;0.042029
7/2/2011;0.042029
8/2/2011;0.042029
9/2/2011;0.042029
10/2/2011;0.042029
11/2/2011;0.042029
14/02/2011;0.042029
15/02/2011;0.042029
16/02/2011;0.042029
17/02/2011;0.042029
18/02/2011;0.042029
21/02/2011;0.042029
22/02/2011;0.042029
23/02/2011;0.042029
24/02/2011;0.042029
25/02/2011;0.042029
28/02/2011;0.042029
1/3/2011;0.042029
2/3/2011;0.042029
3/3/2011;0.043810
4/3/2011;0.043810
9/3/2011;0.043810
10/3/2011;0.043810
11/3/2011;0.043810
14/03/2011;0.043810
15/03/2011;0.043810
16/03/2011;0.043810
17/03/2011;0.043810
18/03/2011;0.043810
21/03/2011;0.043810
22/03/2011;0.043810
23/03/2011;0.043810
24/03/2011;0.043810
25/03/2011;0.043810
28/03/2011;0.043810
29/03/2011;0.043810
30/03/2011;0.043810
31/03/2011;0.043810
1/4/2011;0.043810
4/4/2011;0.043810
5/4/2011;0.043810
6/4/2011;0.043810
7/4/2011;0.043810
8/4/2011;0.043810
11/4/2011;0.043810
12/4/2011;0.043810
13/04/2011;0.043810
14/04/2011;0.043810
15/04/2011;0.043810
18/04/2011;0.043810
19/04/2011;0.043810
20/04/2011;0.043810
25/04/2011;0.044698
26/04/2011;0.044698
27/04/2011;0.044698
28/04/2011;0.044698
29/04/2011;0.044698
2/5/2011;0.044698
3/5/2011;0.044698
4/5/2011;0.044698
5/5/2011;0.044698
6/5/2011;0.044698
9/5/2011;0.044698
10/5/2011;0.044698
11/5/2011;0.044698
12/5/2011;0.044698
13/05/2011;0.044698
16/05/2011;0.044698
17/05/2011;0.044698
18/05/2011;0.044698
19/05/2011;0.044698
20/05/2011;0.044698
23/05/2011;0.044698
24/05/2011;0.044698
25/05/2011;0.044698
26/05/2011;0.044698
27/05/2011;0.044698
30/05/2011;0.044698
31/05/2011;0.044698
1/6/2011;0.044698
2/6/2011;0.044698
3/6/2011;0.044698
6/6/2011;0.044698
7/6/2011;0.044698
8/6/2011;0.044698
9/6/2011;0.045584
10/6/2011;0.045584
13/06/2011;0.045584
14/06/2011;0.045584
15/06/2011;0.045584
16/06/2011;0.045584
17/06/2011;0.045584
20/06/2011;0.045584
21/06/2011;0.045584
22/06/2011;0.045584
24/06/2011;0.045584
27/06/2011;0.045584
28/06/2011;0.045584
29/06/2011;0.045584
30/06/2011;0.045584
1/7/2011;0.045584
4/7/2011;0.045584
5/7/2011;0.045584
6/7/2011;0.045584
7/7/2011;0.045584
8/7/2011;0.045584
11/7/2011;0.045584
12/7/2011;0.045584
13/07/2011;0.045584
14/07/2011;0.045584
15/07/2011;0.045584
18/07/2011;0.045584
19/07/2011;0.045584
20/07/2011;0.045584
21/07/2011;0.046468
22/07/2011;0.046468
25/07/2011;0.046468
26/07/2011;0.046468
27/07/2011;0.046468
28/07/2011;0.046468
29/07/2011;0.046468
1/8/2011;0.046468
2/8/2011;0.046468
3/8/2011;0.046468
4/8/2011;0.046468
5/8/2011;0.046468
8/8/2011;0.046468
9/8/2011;0.046468
10/8/2011;0.046468
11/8/2011;0.046468
12/8/2011;0.046468
15/08/2011;0.046468
16/08/2011;0.046468
17/08/2011;0.046468
18/08/2011;0.046468
19/08/2011;0.046468
22/08/2011;0.046468
23/08/2011;0.046468
24/08/2011;0.046468
25/08/2011;0.046432
26/08/2011;0.046432
29/08/2011;0.046432
30/08/2011;0.046432
31/08/2011;0.046432
1/9/2011;0.044663
2/9/2011;0.044663
5/9/2011;0.044663
6/9/2011;0.044663
8/9/2011;0.044663
9/9/2011;0.044663
12/9/2011;0.044663
13/09/2011;0.044663
14/09/2011;0.044663
15/09/2011;0.044663
16/09/2011;0.044663
19/09/2011;0.044627
20/09/2011;0.044627
21/09/2011;0.044627
22/09/2011;0.044627
23/09/2011;0.044627
26/09/2011;0.044627
27/09/2011;0.044627
28/09/2011;0.044627
29/09/2011;0.044627
30/09/2011;0.044627
3/10/2011;0.044627
4/10/2011;0.044627
5/10/2011;0.044627
6/10/2011;0.044627
7/10/2011;0.044627
10/10/2011;0.044627
11/10/2011;0.044627
13/10/2011;0.044627
14/10/2011;0.044627
17/10/2011;0.044627
18/10/2011;0.044627
19/10/2011;0.044592
20/10/2011;0.042849
21/10/2011;0.042849
24/10/2011;0.042849
25/10/2011;0.042849
26/10/2011;0.042849
27/10/2011;0.042849
28/10/2011;0.042849
31/10/2011;0.042849
1/11/2011;0.042849
3/11/2011;0.042849
4/11/2011;0.042849
7/11/2011;0.042849
8/11/2011;0.042849
9/11/2011;0.042849
10/11/2011;0.042849
11/11/2011;0.042849
14/11/2011;0.042849
16/11/2011;0.042849
17/11/2011;0.042849
18/11/2011;0.042849
21/11/2011;0.042849
22/11/2011;0.042849
23/11/2011;0.042849
24/11/2011;0.042849
25/11/2011;0.042849
28/11/2011;0.042849
29/11/2011;0.042849
30/11/2011;0.042849
1/12/2011;0.041063
2/12/2011;0.041063
5/12/2011;0.041063
6/12/2011;0.041063
7/12/2011;0.041063
8/12/2011;0.041063
9/12/2011;0.041063
12/12/2011;0.041063
13/12/2011;0.041063
14/12/2011;0.041063
15/12/2011;0.041063
16/12/2011;0.041063
19/12/2011;0.041063
20/12/2011;0.041063
21/12/2011;0.041063
22/12/2011;0.041063
23/12/2011;0.041063
26/12/2011;0.041063
27/12/2011;0.041063
28/12/2011;0.041063
29/12/2011;0.041063
30/12/2011;0.041099
2/1/2012;0.041063
3/1/2012;0.041063
4/1/2012;0.041063
5/1/2012;0.041063
6/1/2012;0.041063
9/1/2012;0.041063
10/1/2012;0.041063
11/1/2012;0.041063
12/1/2012;0.041063
13/01/2012;0.041063
16/01/2012;0.041063
17/01/2012;0.041063
18/01/2012;0.041063
19/01/2012;0.039270
20/01/2012;0.039270
23/01/2012;0.039270
24/01/2012;0.039270
25/01/2012;0.039270
26/01/2012;0.039270
27/01/2012;0.039270
30/01/2012;0.039270
31/01/2012;0.039270
1/2/2012;0.039270
2/2/2012;0.039270
3/2/2012;0.039270
6/2/2012;0.039270
7/2/2012;0.039270
8/2/2012;0.039270
9/2/2012;0.039270
10/2/2012;0.039270
13/02/2012;0.039270
14/02/2012;0.039270
15/02/2012;0.039270
16/02/2012;0.039270
17/02/2012;0.039270
22/02/2012;0.039270
23/02/2012;0.039270
24/02/2012;0.039270
27/02/2012;0.039270
28/02/2012;0.039270
29/02/2012;0.039270
1/3/2012;0.039270
2/3/2012;0.039270
5/3/2012;0.039270
6/3/2012;0.039270
7/3/2012;0.039270
8/3/2012;0.036564
9/3/2012;0.036564
12/3/2012;0.036564
13/03/2012;0.036564
14/03/2012;0.036564
15/03/2012;0.036564
16/03/2012;0.036564
19/03/2012;0.036564
20/03/2012;0.036564
21/03/2012;0.036564
22/03/2012;0.036564
23/03/2012;0.036564
26/03/2012;0.036564
27/03/2012;0.036564
28/03/2012;0.036564
29/03/2012;0.036564
30/03/2012;0.036564
2/4/2012;0.036564
3/4/2012;0.036564
4/4/2012;0.036564
5/4/2012;0.036564
9/4/2012;0.036564
10/4/2012;0.036564
11/4/2012;0.036564
12/4/2012;0.036564
13/04/2012;0.036564
16/04/2012;0.036564
17/04/2012;0.036564
18/04/2012;0.036564
19/04/2012;0.033839
20/04/2012;0.033839
23/04/2012;0.033839
24/04/2012;0.033839
25/04/2012;0.033839
26/04/2012;0.033839
27/04/2012;0.033839
30/04/2012;0.033839
2/5/2012;0.033839
3/5/2012;0.033839
4/5/2012;0.033839
7/5/2012;0.033839
8/5/2012;0.033839
9/5/2012;0.033839
10/5/2012;0.033839
11/5/2012;0.033839
14/05/2012;0.033803
15/05/2012;0.033803
16/05/2012;0.033803
17/05/2012;0.033803
18/05/2012;0.033803
21/05/2012;0.033803
22/05/2012;0.033803
23/05/2012;0.033803
24/05/2012;0.033803
25/05/2012;0.033803
28/05/2012;0.033803
29/05/2012;0.033803
30/05/2012;0.033766
31/05/2012;0.031976
1/6/2012;0.031976
4/6/2012;0.031976
5/6/2012;0.031976
6/6/2012;0.031976
8/6/2012;0.031976
11/6/2012;0.031976
12/6/2012;0.031976
13/06/2012;0.031976
14/06/2012;0.031976
15/06/2012;0.031976
18/06/2012;0.031976
19/06/2012;0.031976
20/06/2012;0.031976
21/06/2012;0.031976
22/06/2012;0.031976
25/06/2012;0.031976
26/06/2012;0.031976
27/06/2012;0.031976
28/06/2012;0.031976
29/06/2012;0.032012
2/7/2012;0.031976
3/7/2012;0.031976
4/7/2012;0.031976
5/7/2012;0.031976
6/7/2012;0.031976
9/7/2012;0.031976
10/7/2012;0.031976
11/7/2012;0.031976
12/7/2012;0.030140
13/07/2012;0.030140
16/07/2012;0.030140
17/07/2012;0.030140
18/07/2012;0.030140
19/07/2012;0.030140
20/07/2012;0.030140
23/07/2012;0.030140
24/07/2012;0.030140
25/07/2012;0.030140
26/07/2012;0.030140
27/07/2012;0.030140
30/07/2012;0.030140
31/07/2012;0.030140
1/8/2012;0.030140
2/8/2012;0.030140
3/8/2012;0.030140
6/8/2012;0.030140
7/8/2012;0.030140
8/8/2012;0.030140
9/8/2012;0.030140
10/8/2012;0.030140
13/08/2012;0.030140
14/08/2012;0.030140
15/08/2012;0.030140
16/08/2012;0.030140
17/08/2012;0.030140
20/08/2012;0.030140
21/08/2012;0.030140
22/08/2012;0.030140
23/08/2012;0.030140
24/08/2012;0.030140
27/08/2012;0.030140
28/08/2012;0.030140
29/08/2012;0.030140
30/08/2012;0.028296
31/08/2012;0.028296
3/9/2012;0.028296
4/9/2012;0.028296
5/9/2012;0.028296
6/9/2012;0.028296
10/9/2012;0.028296
11/9/2012;0.028296
12/9/2012;0.028296
13/09/2012;0.028296
14/09/2012;0.028296
17/09/2012;0.028296
18/09/2012;0.028296
19/09/2012;0.028296
20/09/2012;0.028296
21/09/2012;0.028296
24/09/2012;0.028296
25/09/2012;0.028296
26/09/2012;0.028296
27/09/2012;0.028296
28/09/2012;0.028296
1/10/2012;0.028296
2/10/2012;0.028296
3/10/2012;0.028296
4/10/2012;0.028296
5/10/2012;0.028296
8/10/2012;0.028296
9/10/2012;0.028296
10/10/2012;0.028296
11/10/2012;0.027371
15/10/2012;0.027371
16/10/2012;0.027371
17/10/2012;0.027371
18/10/2012;0.027371
19/10/2012;0.027371
22/10/2012;0.027371
23/10/2012;0.027371
24/10/2012;0.027371
25/10/2012;0.027371
26/10/2012;0.027371
29/10/2012;0.027371
30/10/2012;0.027371
31/10/2012;0.027371
1/11/2012;0.027371
5/11/2012;0.027371
6/11/2012;0.027371
7/11/2012;0.027371
8/11/2012;0.027371
9/11/2012;0.027371
12/11/2012;0.027371
13/11/2012;0.027371
14/11/2012;0.027371
16/11/2012;0.027371
19/11/2012;0.027371
20/11/2012;0.027371
21/11/2012;0.027371
22/11/2012;0.027371
23/11/2012;0.027371
26/11/2012;0.027371
27/11/2012;0.027371
28/11/2012;0.027371
29/11/2012;0.027371
30/11/2012;0.027371
3/12/2012;0.027371
4/12/2012;0.027371
5/12/2012;0.027371
6/12/2012;0.027371
7/12/2012;0.027371
10/12/2012;0.027371
11/12/2012;0.027334
12/12/2012;0.027334
13/12/2012;0.027334
14/12/2012;0.027297
17/12/2012;0.027297
18/12/2012;0.027260
19/12/2012;0.027260
20/12/2012;0.027260
21/12/2012;0.027260
24/12/2012;0.027556
26/12/2012;0.027742
27/12/2012;0.027779
28/12/2012;0.027853
31/12/2012;0.027927
2/1/2013;0.027260
3/1/2013;0.027260
4/1/2013;0.027260
7/1/2013;0.027260
8/1/2013;0.027260
9/1/2013;0.027260
10/1/2013;0.027260
11/1/2013;0.027260
14/01/2013;0.027260
15/01/2013;0.027260
16/01/2013;0.027260
17/01/2013;0.027260
18/01/2013;0.027260
21/01/2013;0.027260
22/01/2013;0.027260
23/01/2013;0.027260
24/01/2013;0.027260
25/01/2013;0.027260
28/01/2013;0.027260
29/01/2013;0.027260
30/01/2013;0.027260
31/01/2013;0.027260
1/2/2013;0.027260
4/2/2013;0.027260
5/2/2013;0.027260
6/2/2013;0.027260
7/2/2013;0.027260
8/2/2013;0.027260
13/02/2013;0.027260
14/02/2013;0.027260
15/02/2013;0.027260
18/02/2013;0.027260
19/02/2013;0.027260
20/02/2013;0.027260
21/02/2013;0.027260
22/02/2013;0.027260
25/02/2013;0.027260
26/02/2013;0.027519
27/02/2013;0.027594
28/02/2013;0.027594
1/3/2013;0.027371
4/3/2013;0.027297
5/3/2013;0.027297
6/3/2013;0.027371
7/3/2013;0.027297
8/3/2013;0.027334
11/3/2013;0.027334
12/3/2013;0.027371
13/03/2013;0.027408
14/03/2013;0.027445
15/03/2013;0.027445
18/03/2013;0.027445
19/03/2013;0.027445
20/03/2013;0.027445
21/03/2013;0.027445
22/03/2013;0.027445
25/03/2013;0.027445
26/03/2013;0.027445
27/03/2013;0.027445
28/03/2013;0.027445
1/4/2013;0.027445
2/4/2013;0.027445
3/4/2013;0.027445
4/4/2013;0.027445
5/4/2013;0.027445
8/4/2013;0.027445
9/4/2013;0.027445
10/4/2013;0.027445
11/4/2013;0.027445
12/4/2013;0.027445
15/04/2013;0.027445
16/04/2013;0.027445
17/04/2013;0.027445
18/04/2013;0.028370
19/04/2013;0.028370
22/04/2013;0.028333
23/04/2013;0.028333
24/04/2013;0.028333
25/04/2013;0.028333
26/04/2013;0.028333
29/04/2013;0.028333
30/04/2013;0.028333
2/5/2013;0.028333
3/5/2013;0.028333
6/5/2013;0.028333
7/5/2013;0.028333
8/5/2013;0.028333
9/5/2013;0.028333
10/5/2013;0.028333
13/05/2013;0.028333
14/05/2013;0.028333
15/05/2013;0.028333
16/05/2013;0.028333
17/05/2013;0.028333
20/05/2013;0.028333
21/05/2013;0.028333
22/05/2013;0.028333
23/05/2013;0.028333
24/05/2013;0.028333
27/05/2013;0.028333
28/05/2013;0.028333
29/05/2013;0.028333
31/05/2013;0.030177
3/6/2013;0.030177
4/6/2013;0.030177
5/6/2013;0.030177
6/6/2013;0.030177
7/6/2013;0.030177
10/6/2013;0.030177
11/6/2013;0.030177
12/6/2013;0.030177
13/06/2013;0.030177
14/06/2013;0.030177
17/06/2013;0.030177
18/06/2013;0.030177
19/06/2013;0.030177
20/06/2013;0.030177
21/06/2013;0.030177
24/06/2013;0.030177
25/06/2013;0.030177
26/06/2013;0.030177
27/06/2013;0.030177
28/06/2013;0.030177
1/7/2013;0.030177
2/7/2013;0.030177
3/7/2013;0.030177
4/7/2013;0.030177
5/7/2013;0.030177
8/7/2013;0.030177
9/7/2013;0.030177
10/7/2013;0.030177
11/7/2013;0.032012
12/7/2013;0.032012
15/07/2013;0.032012
16/07/2013;0.032012
17/07/2013;0.032012
18/07/2013;0.032012
19/07/2013;0.032012
22/07/2013;0.032012
23/07/2013;0.032012
24/07/2013;0.032012
25/07/2013;0.032012
26/07/2013;0.032012
29/07/2013;0.032012
30/07/2013;0.032012
31/07/2013;0.032012
1/8/2013;0.032012
2/8/2013;0.032012
5/8/2013;0.032012
6/8/2013;0.032012
7/8/2013;0.032012
8/8/2013;0.032012
9/8/2013;0.032012
12/8/2013;0.032012
13/08/2013;0.032012
14/08/2013;0.032012
15/08/2013;0.032012
16/08/2013;0.032012
19/08/2013;0.032012
20/08/2013;0.032012
21/08/2013;0.032012
22/08/2013;0.032012
23/08/2013;0.032012
26/08/2013;0.032012
27/08/2013;0.032012
28/08/2013;0.032012
29/08/2013;0.033839
30/08/2013;0.033839
2/9/2013;0.033839
3/9/2013;0.033839
4/9/2013;0.033839
5/9/2013;0.033839
6/9/2013;0.033839
9/9/2013;0.033839
10/9/2013;0.033839
11/9/2013;0.033839
12/9/2013;0.033839
13/09/2013;0.033839
16/09/2013;0.033839
17/09/2013;0.033839
18/09/2013;0.033839
19/09/2013;0.033839
20/09/2013;0.033839
23/09/2013;0.033839
24/09/2013;0.033839
25/09/2013;0.033839
26/09/2013;0.033839
27/09/2013;0.033839
30/09/2013;0.033839
1/10/2013;0.033839
2/10/2013;0.033839
3/10/2013;0.033839
4/10/2013;0.033839
7/10/2013;0.033839
8/10/2013;0.033839
9/10/2013;0.033839
10/10/2013;0.035657
11/10/2013;0.035657
14/10/2013;0.035657
15/10/2013;0.035657
16/10/2013;0.035657
17/10/2013;0.035657
18/10/2013;0.035657
21/10/2013;0.035657
22/10/2013;0.035657
23/10/2013;0.035657
24/10/2013;0.035657
25/10/2013;0.035657
28/10/2013;0.035657
29/10/2013;0.035657
30/10/2013;0.035657
31/10/2013;0.035657
1/11/2013;0.035657
4/11/2013;0.035657
5/11/2013;0.035657
6/11/2013;0.035657
7/11/2013;0.035657
8/11/2013;0.035657
11/11/2013;0.035657
12/11/2013;0.035657
13/11/2013;0.035657
14/11/2013;0.035657
18/11/2013;0.035657
19/11/2013;0.035657
20/11/2013;0.035657
21/11/2013;0.035657
22/11/2013;0.035657
25/11/2013;0.035657
26/11/2013;0.035657
27/11/2013;0.035657
28/11/2013;0.037468
29/11/2013;0.037468
2/12/2013;0.037468
3/12/2013;0.037468
4/12/2013;0.037468
5/12/2013;0.037468
6/12/2013;0.037431
9/12/2013;0.037468
10/12/2013;0.037468
11/12/2013;0.037468
12/12/2013;0.037468
13/12/2013;0.037468
16/12/2013;0.037468
17/12/2013;0.037468
18/12/2013;0.037468
19/12/2013;0.037468
20/12/2013;0.037468
23/12/2013;0.037468
24/12/2013;0.037468
26/12/2013;0.037468
27/12/2013;0.037468
30/12/2013;0.037468
31/12/2013;0.037468
2/1/2014;0.037468
3/1/2014;0.037468
6/1/2014;0.037468
7/1/2014;0.037468
8/1/2014;0.037468
9/1/2014;0.037468
10/1/2014;0.037468
13/01/2014;0.037468
14/01/2014;0.037468
15/01/2014;0.037468
16/01/2014;0.039270
17/01/2014;0.039270
20/01/2014;0.039270
21/01/2014;0.039270
22/01/2014;0.039270
23/01/2014;0.039270
24/01/2014;0.039270
27/01/2014;0.039270
28/01/2014;0.039270
29/01/2014;0.039270
30/01/2014;0.039270
31/01/2014;0.039270
3/2/2014;0.039270
4/2/2014;0.039270
5/2/2014;0.039270
6/2/2014;0.039270
7/2/2014;0.039270
10/2/2014;0.039270
11/2/2014;0.039270
12/2/2014;0.039270
13/02/2014;0.039270
14/02/2014;0.039270
17/02/2014;0.039270
18/02/2014;0.039270
19/02/2014;0.039270
20/02/2014;0.039270
21/02/2014;0.039270
24/02/2014;0.039270
25/02/2014;0.039270
26/02/2014;0.039270
27/02/2014;0.040168
28/02/2014;0.040168
5/3/2014;0.040168
6/3/2014;0.040168
7/3/2014;0.040168
10/3/2014;0.040168
11/3/2014;0.040168
12/3/2014;0.040168
13/03/2014;0.040168
14/03/2014;0.040168
17/03/2014;0.040168
18/03/2014;0.040168
19/03/2014;0.040168
20/03/2014;0.040168
21/03/2014;0.040168
24/03/2014;0.040168
25/03/2014;0.040168
26/03/2014;0.040168
27/03/2014;0.040168
28/03/2014;0.040168
31/03/2014;0.040168
1/4/2014;0.040168
2/4/2014;0.040168
3/4/2014;0.041063
4/4/2014;0.041063
7/4/2014;0.041063
8/4/2014;0.041063
9/4/2014;0.041063
10/4/2014;0.041063
11/4/2014;0.041063
14/04/2014;0.041063
15/04/2014;0.041063
16/04/2014;0.041063
17/04/2014;0.041063
22/04/2014;0.041063
23/04/2014;0.041063
24/04/2014;0.041063
25/04/2014;0.041063
28/04/2014;0.041063
29/04/2014;0.041063
30/04/2014;0.041063
2/5/2014;0.041063
5/5/2014;0.041063
6/5/2014;0.041063
7/5/2014;0.041063
8/5/2014;0.041063
9/5/2014;0.041063
12/5/2014;0.041063
13/05/2014;0.041063
14/05/2014;0.041063
15/05/2014;0.041063
16/05/2014;0.041063
19/05/2014;0.041063
20/05/2014;0.041063
21/05/2014;0.041063
22/05/2014;0.041063
23/05/2014;0.041063
26/05/2014;0.041063
27/05/2014;0.041063
28/05/2014;0.041063
29/05/2014;0.041063
30/05/2014;0.041063
2/6/2014;0.041063
3/6/2014;0.041063
4/6/2014;0.041063
5/6/2014;0.041063
6/6/2014;0.041063
9/6/2014;0.041063
10/6/2014;0.041063
11/6/2014;0.041063
12/6/2014;0.041063
13/06/2014;0.041063
16/06/2014;0.041063
17/06/2014;0.041063
18/06/2014;0.041063
20/06/2014;0.041063
23/06/2014;0.041063
24/06/2014;0.041063
25/06/2014;0.041063
26/06/2014;0.041063
27/06/2014;0.041063
30/06/2014;0.041063
1/7/2014;0.041063
2/7/2014;0.041063
3/7/2014;0.041063
4/7/2014;0.041063
7/7/2014;0.041063
8/7/2014;0.041063
9/7/2014;0.041063
10/7/2014;0.041063
11/7/2014;0.041063
14/07/2014;0.041063
15/07/2014;0.041063
16/07/2014;0.041063
17/07/2014;0.041063
18/07/2014;0.041063
21/07/2014;0.041063
22/07/2014;0.041063
23/07/2014;0.041063
24/07/2014;0.041063
25/07/2014;0.041063
28/07/2014;0.041063
29/07/2014;0.041063
30/07/2014;0.041063
31/07/2014;0.041063
1/8/2014;0.041063
4/8/2014;0.041063
5/8/2014;0.041063
6/8/2014;0.041063
7/8/2014;0.041063
8/8/2014;0.041063
11/8/2014;0.041063
12/8/2014;0.041063
13/08/2014;0.041063
14/08/2014;0.041063
15/08/2014;0.041099
18/08/2014;0.041063
19/08/2014;0.041063
20/08/2014;0.041099
21/08/2014;0.041099
22/08/2014;0.041063
25/08/2014;0.041063
26/08/2014;0.041063
27/08/2014;0.041063
28/08/2014;0.041063
29/08/2014;0.041063
1/9/2014;0.041063
2/9/2014;0.041063
3/9/2014;0.041063
4/9/2014;0.041063
5/9/2014;0.041063
8/9/2014;0.041063
9/9/2014;0.041063
10/9/2014;0.041063
11/9/2014;0.041063
12/9/2014;0.041063
15/09/2014;0.041063
16/09/2014;0.041063
17/09/2014;0.041063
18/09/2014;0.041063
19/09/2014;0.041063
22/09/2014;0.041063
23/09/2014;0.041063
24/09/2014;0.041063
25/09/2014;0.041063
26/09/2014;0.041063
29/09/2014;0.041063
30/09/2014;0.041063
1/10/2014;0.041063
2/10/2014;0.041063
3/10/2014;0.041063
6/10/2014;0.041063
7/10/2014;0.041063
8/10/2014;0.041063
9/10/2014;0.041063
10/10/2014;0.041063
13/10/2014;0.041063
14/10/2014;0.041063
15/10/2014;0.041063
16/10/2014;0.041063
17/10/2014;0.041063
20/10/2014;0.041063
21/10/2014;0.041063
22/10/2014;0.041063
23/10/2014;0.041063
24/10/2014;0.041063
27/10/2014;0.041063
28/10/2014;0.041063
29/10/2014;0.041063
30/10/2014;0.041957
31/10/2014;0.041957
3/11/2014;0.041957
4/11/2014;0.041957
5/11/2014;0.041957
6/11/2014;0.041957
7/11/2014;0.041957
10/11/2014;0.041957
11/11/2014;0.041957
12/11/2014;0.041957
13/11/2014;0.041957
14/11/2014;0.041957
17/11/2014;0.041957
18/11/2014;0.041957
19/11/2014;0.041957
20/11/2014;0.041957
21/11/2014;0.041957
24/11/2014;0.041957
25/11/2014;0.041957
26/11/2014;0.041957
27/11/2014;0.041957
28/11/2014;0.041957
1/12/2014;0.041957
2/12/2014;0.041957
3/12/2014;0.041957
4/12/2014;0.043739
5/12/2014;0.043739
8/12/2014;0.043739
9/12/2014;0.043739
10/12/2014;0.043739
11/12/2014;0.043739
12/12/2014;0.043739
15/12/2014;0.043739
16/12/2014;0.043739
17/12/2014;0.043739
18/12/2014;0.043739
19/12/2014;0.043739
22/12/2014;0.043739
23/12/2014;0.043739
24/12/2014;0.043739
26/12/2014;0.043739
29/12/2014;0.043739
30/12/2014;0.043739
31/12/2014;0.043739
2/1/2015;0.043739
5/1/2015;0.043739
6/1/2015;0.043739
7/1/2015;0.043739
8/1/2015;0.043739
9/1/2015;0.043739
12/1/2015;0.043739
13/01/2015;0.043739
14/01/2015;0.043739
15/01/2015;0.043739
16/01/2015;0.043739
19/01/2015;0.043739
20/01/2015;0.043739
21/01/2015;0.043739
22/01/2015;0.045513
23/01/2015;0.045513
26/01/2015;0.045513
27/01/2015;0.045513
28/01/2015;0.045513
29/01/2015;0.045513
30/01/2015;0.045513
2/2/2015;0.045513
3/2/2015;0.045513
4/2/2015;0.045513
5/2/2015;0.045513
6/2/2015;0.045513
9/2/2015;0.045513
10/2/2015;0.045513
11/2/2015;0.045513
12/2/2015;0.045513
13/02/2015;0.045513
18/02/2015;0.045513
19/02/2015;0.045513
20/02/2015;0.045513
23/02/2015;0.045513
24/02/2015;0.045513
25/02/2015;0.045513
26/02/2015;0.045513
27/02/2015;0.045513
2/3/2015;0.045513
3/3/2015;0.045513
4/3/2015;0.045513
5/3/2015;0.047279
6/3/2015;0.047279
9/3/2015;0.047279
10/3/2015;0.047279
11/3/2015;0.047279
12/3/2015;0.047279
13/03/2015;0.047279
16/03/2015;0.047279
17/03/2015;0.047279
18/03/2015;0.047279
19/03/2015;0.047279
20/03/2015;0.047279
23/03/2015;0.047279
24/03/2015;0.047279
25/03/2015;0.047279
26/03/2015;0.047279
27/03/2015;0.047279
30/03/2015;0.047279
31/03/2015;0.047279
1/4/2015;0.047279
2/4/2015;0.047279
6/4/2015;0.047279
7/4/2015;0.047279
8/4/2015;0.047279
9/4/2015;0.047279
10/4/2015;0.047279
13/04/2015;0.047279
14/04/2015;0.047279
15/04/2015;0.047279
16/04/2015;0.047279
17/04/2015;0.047279
20/04/2015;0.047279
22/04/2015;0.047279
23/04/2015;0.047279
24/04/2015;0.047279
27/04/2015;0.047314
28/04/2015;0.047350
29/04/2015;0.047350
30/04/2015;0.049037
4/5/2015;0.049037
5/5/2015;0.049037
6/5/2015;0.049037
7/5/2015;0.049037
8/5/2015;0.049037
11/5/2015;0.049037
12/5/2015;0.049037
13/05/2015;0.049037
14/05/2015;0.049037
15/05/2015;0.049037
18/05/2015;0.049037
19/05/2015;0.049037
20/05/2015;0.049037
21/05/2015;0.049037
22/05/2015;0.049037
25/05/2015;0.049037
26/05/2015;0.049037
27/05/2015;0.049037
28/05/2015;0.049037
29/05/2015;0.049037
1/6/2015;0.049037
2/6/2015;0.049037
3/6/2015;0.049037
5/6/2015;0.050788
8/6/2015;0.050788
9/6/2015;0.050788
10/6/2015;0.050788
11/6/2015;0.050788
12/6/2015;0.050788
15/06/2015;0.050788
16/06/2015;0.050788
17/06/2015;0.050788
18/06/2015;0.050788
19/06/2015;0.050788
22/06/2015;0.050788
23/06/2015;0.050788
24/06/2015;0.050788
25/06/2015;0.050788
26/06/2015;0.050788
29/06/2015;0.050788
30/06/2015;0.050788
1/7/2015;0.050788
2/7/2015;0.050788
3/7/2015;0.050788
6/7/2015;0.050788
7/7/2015;0.050788
8/7/2015;0.050788
9/7/2015;0.050788
10/7/2015;0.050788
13/07/2015;0.050788
14/07/2015;0.050788
15/07/2015;0.050788
16/07/2015;0.050788
17/07/2015;0.050788
20/07/2015;0.050788
21/07/2015;0.050788
22/07/2015;0.050788
23/07/2015;0.050788
24/07/2015;0.050788
27/07/2015;0.050788
28/07/2015;0.050788
29/07/2015;0.050788
30/07/2015;0.052531
31/07/2015;0.052531
3/8/2015;0.052531
4/8/2015;0.052531
5/8/2015;0.052531
6/8/2015;0.052531
7/8/2015;0.052531
10/8/2015;0.052531
11/8/2015;0.052531
12/8/2015;0.052531
13/08/2015;0.052531
14/08/2015;0.052531
17/08/2015;0.052531
18/08/2015;0.052531
19/08/2015;0.052531
20/08/2015;0.052531
21/08/2015;0.052531
24/08/2015;0.052531
25/08/2015;0.052531
26/08/2015;0.052531
27/08/2015;0.052531
28/08/2015;0.052531
31/08/2015;0.052531
1/9/2015;0.052531
2/9/2015;0.052531
3/9/2015;0.052531
4/9/2015;0.052531
8/9/2015;0.052531
9/9/2015;0.052531
10/9/2015;0.052531
11/9/2015;0.052531
14/09/2015;0.052531
15/09/2015;0.052531
16/09/2015;0.052531
17/09/2015;0.052531
18/09/2015;0.052531
21/09/2015;0.052531
22/09/2015;0.052531
23/09/2015;0.052531
24/09/2015;0.052531
25/09/2015;0.052531
28/09/2015;0.052531
29/09/2015;0.052531
30/09/2015;0.052531
1/10/2015;0.052531
2/10/2015;0.052531
5/10/2015;0.052531
6/10/2015;0.052531
7/10/2015;0.052531
8/10/2015;0.052531
9/10/2015;0.052531
13/10/2015;0.052531
14/10/2015;0.052531
15/10/2015;0.052531
16/10/2015;0.052531
19/10/2015;0.052531
20/10/2015;0.052531
21/10/2015;0.052531
22/10/2015;0.052531
23/10/2015;0.052531
26/10/2015;0.052531
27/10/2015;0.052531
28/10/2015;0.052531
29/10/2015;0.052531
30/10/2015;0.052531
3/11/2015;0.052531
4/11/2015;0.052531
5/11/2015;0.052531
6/11/2015;0.052531
9/11/2015;0.052531
10/11/2015;0.052531
11/11/2015;0.052531
12/11/2015;0.052531
13/11/2015;0.052531
16/11/2015;0.052531
17/11/2015;0.052531
18/11/2015;0.052531
19/11/2015;0.052531
20/11/2015;0.052531
23/11/2015;0.052531
24/11/2015;0.052531
25/11/2015;0.052531
26/11/2015;0.052531
27/11/2015;0.052531
30/11/2015;0.052531
1/12/2015;0.052531
2/12/2015;0.052531
3/12/2015;0.052531
4/12/2015;0.052531
7/12/2015;0.052531
8/12/2015;0.052531
9/12/2015;0.052531
10/12/2015;0.052531
11/12/2015;0.052531
14/12/2015;0.052531
15/12/2015;0.052531
16/12/2015;0.052531
17/12/2015;0.052531
18/12/2015;0.052531
21/12/2015;0.052531
22/12/2015;0.052531
23/12/2015;0.052531
24/12/2015;0.052531
28/12/2015;0.052531
29/12/2015;0.052531
30/12/2015;0.052531
31/12/2015;0.052531
4/1/2016;0.052531
5/1/2016;0.052531
6/1/2016;0.052531
7/1/2016;0.052531
8/1/2016;0.052531
11/1/2016;0.052531
12/1/2016;0.052531
13/01/2016;0.052531
14/01/2016;0.052531
15/01/2016;0.052531
18/01/2016;0.052531
19/01/2016;0.052531
20/01/2016;0.052531
21/01/2016;0.052531
22/01/2016;0.052531
25/01/2016;0.052531
26/01/2016;0.052531
27/01/2016;0.052531
28/01/2016;0.052531
29/01/2016;0.052531
1/2/2016;0.052531
2/2/2016;0.052531
3/2/2016;0.052531
4/2/2016;0.052531
5/2/2016;0.052531
10/2/2016;0.052531
11/2/2016;0.052531
12/2/2016;0.052531
15/02/2016;0.052531
16/02/2016;0.052531
17/02/2016;0.052531
18/02/2016;0.052531
19/02/2016;0.052531
22/02/2016;0.052531
23/02/2016;0.052531
24/02/2016;0.052531
25/02/2016;0.052531
26/02/2016;0.052531
29/02/2016;0.052531
1/3/2016;0.052531
2/3/2016;0.052531
3/3/2016;0.052531
4/3/2016;0.052531
7/3/2016;0.052531
8/3/2016;0.052531
9/3/2016;0.052531
10/3/2016;0.052531
11/3/2016;0.052531
14/03/2016;0.052531
15/03/2016;0.052531
16/03/2016;0.052531
17/03/2016;0.052531
18/03/2016;0.052531
21/03/2016;0.052531
22/03/2016;0.052531
23/03/2016;0.052531
24/03/2016;0.052531
28/03/2016;0.052531
29/03/2016;0.052531
30/03/2016;0.052531
31/03/2016;0.052531
1/4/2016;0.052531
4/4/2016;0.052531
5/4/2016;0.052531
6/4/2016;0.052531
7/4/2016;0.052531
8/4/2016;0.052531
11/4/2016;0.052531
12/4/2016;0.052531
13/04/2016;0.052531
14/04/2016;0.052531
15/04/2016;0.052531
18/04/2016;0.052531
19/04/2016;0.052531
20/04/2016;0.052531
22/04/2016;0.052531
25/04/2016;0.052531
26/04/2016;0.052531
27/04/2016;0.052531
28/04/2016;0.052531
29/04/2016;0.052531
2/5/2016;0.052531
3/5/2016;0.052531
4/5/2016;0.052531
5/5/2016;0.052531
6/5/2016;0.052531
9/5/2016;0.052531
10/5/2016;0.052531
11/5/2016;0.052531
12/5/2016;0.052531
13/05/2016;0.052531
16/05/2016;0.052531
17/05/2016;0.052531
18/05/2016;0.052531
19/05/2016;0.052531
20/05/2016;0.052531
23/05/2016;0.052531
24/05/2016;0.052531
25/05/2016;0.052531
27/05/2016;0.052531
30/05/2016;0.052531
31/05/2016;0.052531
1/6/2016;0.052531
2/6/2016;0.052531
3/6/2016;0.052531
6/6/2016;0.052531
7/6/2016;0.052531
8/6/2016;0.052531
9/6/2016;0.052531
10/6/2016;0.052531
13/06/2016;0.052531
14/06/2016;0.052531
15/06/2016;0.052531
16/06/2016;0.052531
17/06/2016;0.052531
20/06/2016;0.052531
21/06/2016;0.052531
22/06/2016;0.052531
23/06/2016;0.052531
24/06/2016;0.052531
27/06/2016;0.052531
28/06/2016;0.052531
29/06/2016;0.052531
30/06/2016;0.052531
1/7/2016;0.052531
4/7/2016;0.052531
5/7/2016;0.052531
6/7/2016;0.052531
7/7/2016;0.052531
8/7/2016;0.052531
11/7/2016;0.052531
12/7/2016;0.052531
13/07/2016;0.052531
14/07/2016;0.052531
15/07/2016;0.052531
18/07/2016;0.052531
19/07/2016;0.052531
20/07/2016;0.052531
21/07/2016;0.052531
22/07/2016;0.052531
25/07/2016;0.052531
26/07/2016;0.052531
27/07/2016;0.052531
28/07/2016;0.052531
29/07/2016;0.052531
1/8/2016;0.052531
2/8/2016;0.052531
3/8/2016;0.052531
4/8/2016;0.052531
5/8/2016;0.052531
8/8/2016;0.052531
9/8/2016;0.052531
10/8/2016;0.052531
11/8/2016;0.052531
12/8/2016;0.052531
15/08/2016;0.052531
16/08/2016;0.052531
17/08/2016;0.052531
18/08/2016;0.052531
19/08/2016;0.052531
22/08/2016;0.052531
23/08/2016;0.052531
24/08/2016;0.052531
25/08/2016;0.052531
26/08/2016;0.052531
29/08/2016;0.052531
30/08/2016;0.052531
31/08/2016;0.052531
1/9/2016;0.052531
2/9/2016;0.052531
5/9/2016;0.052531
6/9/2016;0.052531
8/9/2016;0.052531
9/9/2016;0.052531
12/9/2016;0.052531
13/09/2016;0.052531
14/09/2016;0.052531
15/09/2016;0.052531
16/09/2016;0.052531
19/09/2016;0.052531
20/09/2016;0.052531
21/09/2016;0.052531
22/09/2016;0.052531
23/09/2016;0.052531
26/09/2016;0.052531
27/09/2016;0.052531
28/09/2016;0.052531
29/09/2016;0.052531
30/09/2016;0.052531
3/10/2016;0.052531
4/10/2016;0.052531
5/10/2016;0.052531
6/10/2016;0.052531
7/10/2016;0.052531
10/10/2016;0.052531
11/10/2016;0.052531
13/10/2016;0.052531
14/10/2016;0.052531
17/10/2016;0.052531
18/10/2016;0.052531
19/10/2016;0.052531
20/10/2016;0.051660
21/10/2016;0.051660
24/10/2016;0.051660
25/10/2016;0.051660
26/10/2016;0.051660
27/10/2016;0.051660
28/10/2016;0.051660
31/10/2016;0.051660
1/11/2016;0.051660
3/11/2016;0.051660
4/11/2016;0.051660
7/11/2016;0.051660
8/11/2016;0.051660
9/11/2016;0.051660
10/11/2016;0.051660
11/11/2016;0.051660
14/11/2016;0.051660
16/11/2016;0.051660
17/11/2016;0.051660
18/11/2016;0.051660
21/11/2016;0.051660
22/11/2016;0.051660
23/11/2016;0.051660
24/11/2016;0.051660
25/11/2016;0.051660
28/11/2016;0.051660
29/11/2016;0.051660
30/11/2016;0.051660
1/12/2016;0.050788
2/12/2016;0.050788
5/12/2016;0.050788
6/12/2016;0.050788
7/12/2016;0.050788
8/12/2016;0.050788
9/12/2016;0.050788
12/12/2016;0.050788
13/12/2016;0.050788
14/12/2016;0.050788
15/12/2016;0.050788
16/12/2016;0.050788
19/12/2016;0.050788
20/12/2016;0.050788
21/12/2016;0.050788
22/12/2016;0.050788
23/12/2016;0.050788
26/12/2016;0.050788
27/12/2016;0.050788
28/12/2016;0.050788
29/12/2016;0.050788
30/12/2016;0.050788
2/1/2017;0.050788
3/1/2017;0.050788
4/1/2017;0.050788
5/1/2017;0.050788
6/1/2017;0.050788
9/1/2017;0.050788
10/1/2017;0.050788
11/1/2017;0.050788
12/1/2017;0.048159
13/01/2017;0.048159
16/01/2017;0.048159
17/01/2017;0.048159
18/01/2017;0.048159
19/01/2017;0.048159
20/01/2017;0.048159
23/01/2017;0.048159
24/01/2017;0.048159
25/01/2017;0.048159
26/01/2017;0.048159
27/01/2017;0.048159
30/01/2017;0.048159
31/01/2017;0.048159
1/2/2017;0.048159
2/2/2017;0.048159
3/2/2017;0.048159
6/2/2017;0.048159
7/2/2017;0.048159
8/2/2017;0.048159
9/2/2017;0.048159
10/2/2017;0.048159
13/02/2017;0.048159
14/02/2017;0.048159
15/02/2017;0.048159
16/02/2017;0.048159
17/02/2017;0.048159
20/02/2017;0.048159
21/02/2017;0.048159
22/02/2017;0.048159
23/02/2017;0.045513
24/02/2017;0.045513
1/3/2017;0.045513
2/3/2017;0.045513
3/3/2017;0.045513
6/3/2017;0.045513
7/3/2017;0.045513
8/3/2017;0.045513
9/3/2017;0.045513
10/3/2017;0.045513
13/03/2017;0.045513
14/03/2017;0.045513
15/03/2017;0.045513
16/03/2017;0.045513
17/03/2017;0.045513
20/03/2017;0.045513
21/03/2017;0.045513
22/03/2017;0.045513
23/03/2017;0.045513
24/03/2017;0.045513
27/03/2017;0.045513
28/03/2017;0.045513
29/03/2017;0.045513
30/03/2017;0.045513
31/03/2017;0.045513
3/4/2017;0.045513
4/4/2017;0.045513
5/4/2017;0.045513
6/4/2017;0.045513
7/4/2017;0.045513
10/4/2017;0.045513
11/4/2017;0.045513
12/4/2017;0.045513
13/04/2017;0.041957
17/04/2017;0.041957
18/04/2017;0.041957
19/04/2017;0.041957
20/04/2017;0.041957
24/04/2017;0.041957
25/04/2017;0.041957
26/04/2017;0.041957
27/04/2017;0.041957
28/04/2017;0.041957
2/5/2017;0.041957
3/5/2017;0.041957
4/5/2017;0.041957
5/5/2017;0.041957
8/5/2017;0.041957
9/5/2017;0.041957
10/5/2017;0.041957
11/5/2017;0.041957
12/5/2017;0.041957
15/05/2017;0.041957
16/05/2017;0.041957
17/05/2017;0.041957
18/05/2017;0.041957
19/05/2017;0.041957
22/05/2017;0.041957
23/05/2017;0.041957
24/05/2017;0.041957
25/05/2017;0.041957
26/05/2017;0.041957
29/05/2017;0.041957
30/05/2017;0.041957
31/05/2017;0.041957
1/6/2017;0.038370
2/6/2017;0.038370
5/6/2017;0.038370
6/6/2017;0.038370
7/6/2017;0.038370
8/6/2017;0.038370
9/6/2017;0.038370
12/6/2017;0.038370
13/06/2017;0.038370
14/06/2017;0.038370
16/06/2017;0.038370
19/06/2017;0.038370
20/06/2017;0.038370
21/06/2017;0.038370
22/06/2017;0.038370
23/06/2017;0.038370
26/06/2017;0.038370
27/06/2017;0.038370
28/06/2017;0.038370
29/06/2017;0.038370
30/06/2017;0.038370
3/7/2017;0.038370
4/7/2017;0.038370
5/7/2017;0.038370
6/7/2017;0.038370
7/7/2017;0.038370
10/7/2017;0.038370
11/7/2017;0.038370
12/7/2017;0.038370
13/07/2017;0.038370
14/07/2017;0.038370
17/07/2017;0.038370
18/07/2017;0.038370
19/07/2017;0.038370
20/07/2017;0.038370
21/07/2017;0.038370
24/07/2017;0.038370
25/07/2017;0.038370
26/07/2017;0.038370
27/07/2017;0.034749
28/07/2017;0.034749
31/07/2017;0.034749
1/8/2017;0.034749
2/8/2017;0.034749
3/8/2017;0.034749
4/8/2017;0.034749
7/8/2017;0.034749
8/8/2017;0.034749
9/8/2017;0.034749
10/8/2017;0.034749
11/8/2017;0.034749
14/08/2017;0.034749
15/08/2017;0.034749
16/08/2017;0.034749
17/08/2017;0.034749
18/08/2017;0.034749
21/08/2017;0.034749
22/08/2017;0.034749
23/08/2017;0.034749
24/08/2017;0.034749
25/08/2017;0.034749
28/08/2017;0.034749
29/08/2017;0.034749
30/08/2017;0.034749
31/08/2017;0.034749
1/9/2017;0.034749
4/9/2017;0.034749
5/9/2017;0.034749
6/9/2017;0.034749
8/9/2017;0.031096
11/9/2017;0.031096
12/9/2017;0.031096
13/09/2017;0.031096
14/09/2017;0.031096
15/09/2017;0.031096
18/09/2017;0.031096
19/09/2017;0.031096
20/09/2017;0.031096
21/09/2017;0.031096
22/09/2017;0.031096
25/09/2017;0.031096
26/09/2017;0.031096
27/09/2017;0.031096
28/09/2017;0.031096
29/09/2017;0.031096
2/10/2017;0.031096
3/10/2017;0.031096
4/10/2017;0.031096
5/10/2017;0.031096
6/10/2017;0.031096
9/10/2017;0.031096
10/10/2017;0.031096
11/10/2017;0.031096
13/10/2017;0.031096
16/10/2017;0.031096
17/10/2017;0.031096
18/10/2017;0.031096
19/10/2017;0.031096
20/10/2017;0.031096
23/10/2017;0.031096
24/10/2017;0.031096
25/10/2017;0.031096
26/10/2017;0.028333
27/10/2017;0.028333
30/10/2017;0.028333
31/10/2017;0.028333
1/11/2017;0.028333
3/11/2017;0.028333
6/11/2017;0.028333
7/11/2017;0.028333
8/11/2017;0.028333
9/11/2017;0.028333
10/11/2017;0.028333
13/11/2017;0.028333
14/11/2017;0.028333
16/11/2017;0.028333
17/11/2017;0.028333
20/11/2017;0.028333
21/11/2017;0.028333
22/11/2017;0.028333
23/11/2017;0.028333
24/11/2017;0.028333
27/11/2017;0.028333
28/11/2017;0.028333
29/11/2017;0.028333
30/11/2017;0.028333
1/12/2017;0.028333
4/12/2017;0.028333
5/12/2017;0.028333
6/12/2017;0.028333
7/12/2017;0.026481
8/12/2017;0.026481
11/12/2017;0.026481
12/12/2017;0.026481
13/12/2017;0.026481
14/12/2017;0.026481
15/12/2017;0.026481
18/12/2017;0.026481
19/12/2017;0.026481
20/12/2017;0.026481
21/12/2017;0.026481
22/12/2017;0.026481
26/12/2017;0.026481
27/12/2017;0.026481
28/12/2017;0.026481
29/12/2017;0.026481
2/1/2018;0.026481
3/1/2018;0.026481
4/1/2018;0.026481
5/1/2018;0.026481
8/1/2018;0.026481
9/1/2018;0.026481
10/1/2018;0.026481
11/1/2018;0.026481
12/1/2018;0.026481
15/01/2018;0.026481
16/01/2018;0.026481
17/01/2018;0.026481
18/01/2018;0.026481
19/01/2018;0.026481
22/01/2018;0.026481
23/01/2018;0.026481
24/01/2018;0.026481
25/01/2018;0.026481
26/01/2018;0.026481
29/01/2018;0.026481
30/01/2018;0.026481
31/01/2018;0.026481
1/2/2018;0.026481
2/2/2018;0.026481
5/2/2018;0.026481
6/2/2018;0.026481
7/2/2018;0.026481
8/2/2018;0.025552
9/2/2018;0.025552
14/02/2018;0.025552
15/02/2018;0.025552
16/02/2018;0.025552
19/02/2018;0.025552
20/02/2018;0.025552
21/02/2018;0.025552
22/02/2018;0.025552
23/02/2018;0.025552
26/02/2018;0.025552
27/02/2018;0.025552
28/02/2018;0.025552
1/3/2018;0.025552
2/3/2018;0.025552
5/3/2018;0.025552
6/3/2018;0.025552
7/3/2018;0.025552
8/3/2018;0.025552
9/3/2018;0.025552
12/3/2018;0.025552
13/03/2018;0.025552
14/03/2018;0.025552
15/03/2018;0.025552
16/03/2018;0.025552
19/03/2018;0.025552
20/03/2018;0.025552
21/03/2018;0.025552
22/03/2018;0.024620
23/03/2018;0.024620
26/03/2018;0.024620
27/03/2018;0.024620
28/03/2018;0.024620
29/03/2018;0.024620
2/4/2018;0.024620
3/4/2018;0.024620
4/4/2018;0.024620
5/4/2018;0.024620
6/4/2018;0.024620
9/4/2018;0.024620
10/4/2018;0.024620
11/4/2018;0.024620
12/4/2018;0.024620
13/04/2018;0.024620
16/04/2018;0.024620
17/04/2018;0.024620
18/04/2018;0.024620
19/04/2018;0.024620
20/04/2018;0.024620
23/04/2018;0.024620
24/04/2018;0.024620
25/04/2018;0.024620
26/04/2018;0.024620
27/04/2018;0.024620
30/04/2018;0.024620
2/5/2018;0.024620
3/5/2018;0.024620
4/5/2018;0.024620
7/5/2018;0.024620
8/5/2018;0.024620
9/5/2018;0.024620
10/5/2018;0.024620
11/5/2018;0.024620
14/05/2018;0.024620
15/05/2018;0.024620
16/05/2018;0.024620
17/05/2018;0.024620
18/05/2018;0.024620
21/05/2018;0.024620
22/05/2018;0.024620
23/05/2018;0.024620
24/05/2018;0.024620
25/05/2018;0.024620
28/05/2018;0.024620
29/05/2018;0.024620
30/05/2018;0.024620
1/6/2018;0.024620
4/6/2018;0.024620
5/6/2018;0.024620
6/6/2018;0.024620
7/6/2018;0.024620
8/6/2018;0.024620
11/6/2018;0.024620
12/6/2018;0.024620
13/06/2018;0.024620
14/06/2018;0.024620
15/06/2018;0.024620
18/06/2018;0.024620
19/06/2018;0.024620
20/06/2018;0.024620
21/06/2018;0.024620
22/06/2018;0.024620
25/06/2018;0.024620
26/06/2018;0.024620
27/06/2018;0.024620
28/06/2018;0.024620
29/06/2018;0.024620
2/7/2018;0.024620
3/7/2018;0.024620
4/7/2018;0.024620
5/7/2018;0.024620
6/7/2018;0.024620
9/7/2018;0.024620
10/7/2018;0.024620
11/7/2018;0.024620
12/7/2018;0.024620
13/07/2018;0.024620
16/07/2018;0.024620
17/07/2018;0.024620
18/07/2018;0.024620
19/07/2018;0.024620
20/07/2018;0.024620
23/07/2018;0.024620
24/07/2018;0.024620
25/07/2018;0.024620
26/07/2018;0.024620
27/07/2018;0.024620
30/07/2018;0.024620
31/07/2018;0.024620
1/8/2018;0.024620
2/8/2018;0.024620
3/8/2018;0.024620
6/8/2018;0.024620
7/8/2018;0.024620
8/8/2018;0.024620
9/8/2018;0.024620
10/8/2018;0.024620
13/08/2018;0.024620
14/08/2018;0.024620
15/08/2018;0.024620
16/08/2018;0.024620
17/08/2018;0.024620
20/08/2018;0.024620
21/08/2018;0.024620
22/08/2018;0.024620
23/08/2018;0.024620
24/08/2018;0.024620
27/08/2018;0.024620
28/08/2018;0.024620
29/08/2018;0.024620
30/08/2018;0.024620
31/08/2018;0.024620
3/9/2018;0.024620
4/9/2018;0.024620
5/9/2018;0.024620
6/9/2018;0.024620
10/9/2018;0.024620
11/9/2018;0.024620
12/9/2018;0.024620
13/09/2018;0.024620
14/09/2018;0.024620
17/09/2018;0.024620
18/09/2018;0.024620
19/09/2018;0.024620
20/09/2018;0.024620
21/09/2018;0.024620
24/09/2018;0.024620
25/09/2018;0.024620
26/09/2018;0.024620
27/09/2018;0.024620
28/09/2018;0.024620
1/10/2018;0.024620
2/10/2018;0.024620
3/10/2018;0.024620
4/10/2018;0.024620
5/10/2018;0.024620
8/10/2018;0.024620
9/10/2018;0.024620
10/10/2018;0.024620
11/10/2018;0.024620
15/10/2018;0.024620
16/10/2018;0.024620
17/10/2018;0.024620
18/10/2018;0.024620
19/10/2018;0.024620
22/10/2018;0.024620
23/10/2018;0.024620
24/10/2018;0.024620
25/10/2018;0.024620
26/10/2018;0.024620
29/10/2018;0.024620
30/10/2018;0.024620
31/10/2018;0.024620
1/11/2018;0.024620
5/11/2018;0.024620
6/11/2018;0.024620
7/11/2018;0.024620
8/11/2018;0.024620
9/11/2018;0.024620
12/11/2018;0.024620
13/11/2018;0.024620
14/11/2018;0.024620
16/11/2018;0.024620
19/11/2018;0.024620
20/11/2018;0.024620
21/11/2018;0.024620
22/11/2018;0.024620
23/11/2018;0.024620
26/11/2018;0.024620
27/11/2018;0.024620
28/11/2018;0.024620
29/11/2018;0.024620
30/11/2018;0.024620
3/12/2018;0.024620
4/12/2018;0.024620
5/12/2018;0.024620
6/12/2018;0.024620
7/12/2018;0.024620
10/12/2018;0.024620
11/12/2018;0.024620
12/12/2018;0.024620
13/12/2018;0.024620
14/12/2018;0.024620
17/12/2018;0.024620
18/12/2018;0.024620
19/12/2018;0.024620
20/12/2018;0.024620
21/12/2018;0.024620
24/12/2018;0.024620
26/12/2018;0.024620
27/12/2018;0.024620
28/12/2018;0.024620
31/12/2018;0.024620
2/1/2019;0.024620
3/1/2019;0.024620
4/1/2019;0.024620
7/1/2019;0.024620
8/1/2019;0.024620
9/1/2019;0.024620
10/1/2019;0.024620
11/1/2019;0.024620
14/01/2019;0.024620
15/01/2019;0.024620
16/01/2019;0.024620
17/01/2019;0.024620
18/01/2019;0.024620
21/01/2019;0.024620
22/01/2019;0.024620
23/01/2019;0.024620
24/01/2019;0.024620
25/01/2019;0.024620
28/01/2019;0.024620
29/01/2019;0.024620
30/01/2019;0.024620
31/01/2019;0.024620
1/2/2019;0.024620
4/2/2019;0.024620
5/2/2019;0.024620
6/2/2019;0.024620
7/2/2019;0.024620
8/2/2019;0.024620
11/2/2019;0.024620
12/2/2019;0.024620
13/02/2019;0.024620
14/02/2019;0.024620
15/02/2019;0.024620
18/02/2019;0.024620
19/02/2019;0.024620
20/02/2019;0.024620
21/02/2019;0.024620
22/02/2019;0.024620
25/02/2019;0.024620
26/02/2019;0.024620
27/02/2019;0.024620
28/02/2019;0.024620
1/3/2019;0.024620
6/3/2019;0.024620
7/3/2019;0.024620
8/3/2019;0.024620
11/3/2019;0.024620
12/3/2019;0.024620
13/03/2019;0.024620
14/03/2019;0.024620
15/03/2019;0.024620
18/03/2019;0.024620
19/03/2019;0.024620
20/03/2019;0.024620
21/03/2019;0.024620
22/03/2019;0.024620
25/03/2019;0.024620
26/03/2019;0.024620
27/03/2019;0.024620
28/03/2019;0.024620
29/03/2019;0.024620
1/4/2019;0.024620
2/4/2019;0.024620
3/4/2019;0.024620
4/4/2019;0.024620
5/4/2019;0.024620
8/4/2019;0.024620
9/4/2019;0.024620
10/4/2019;0.024620
11/4/2019;0.024620
12/4/2019;0.024620
15/04/2019;0.024620
16/04/2019;0.024620
17/04/2019;0.024620
18/04/2019;0.024620
22/04/2019;0.024620
23/04/2019;0.024620
24/04/2019;0.024620
25/04/2019;0.024620
26/04/2019;0.024620
29/04/2019;0.024620
30/04/2019;0.024620
2/5/2019;0.024620
3/5/2019;0.024620
6/5/2019;0.024620
7/5/2019;0.024620
8/5/2019;0.024620
9/5/2019;0.024620
10/5/2019;0.024620
13/05/2019;0.024620
14/05/2019;0.024620
15/05/2019;0.024620
16/05/2019;0.024620
17/05/2019;0.024620
20/05/2019;0.024620
21/05/2019;0.024620
22/05/2019;0.024620
23/05/2019;0.024620
24/05/2019;0.024620
27/05/2019;0.024620
28/05/2019;0.024620
29/05/2019;0.024620
30/05/2019;0.024620
31/05/2019;0.024620
3/6/2019;0.024620
4/6/2019;0.024620
5/6/2019;0.024620
6/6/2019;0.024620
7/6/2019;0.024620
10/6/2019;0.024620
11/6/2019;0.024620
12/6/2019;0.024620
13/06/2019;0.024620
14/06/2019;0.024620
17/06/2019;0.024620
18/06/2019;0.024620
19/06/2019;0.024620
21/06/2019;0.024620
24/06/2019;0.024620
25/06/2019;0.024620
26/06/2019;0.024620
27/06/2019;0.024620
28/06/2019;0.024620
1/7/2019;0.024620
2/7/2019;0.024620
3/7/2019;0.024620
4/7/2019;0.024620
5/7/2019;0.024620
8/7/2019;0.024620
9/7/2019;0.024620
10/7/2019;0.024620
11/7/2019;0.024620
12/7/2019;0.024620
15/07/2019;0.024620
16/07/2019;0.024620
17/07/2019;0.024620
18/07/2019;0.024620
19/07/2019;0.024620
22/07/2019;0.024620
23/07/2019;0.024620
24/07/2019;0.024620
25/07/2019;0.024620
26/07/2019;0.024620
29/07/2019;0.024620
30/07/2019;0.024620
31/07/2019;0.024620
1/8/2019;0.022751
2/8/2019;0.022751
5/8/2019;0.022751
6/8/2019;0.022751
7/8/2019;0.022751
8/8/2019;0.022751
9/8/2019;0.022751
12/8/2019;0.022751
13/08/2019;0.022751
14/08/2019;0.022751
15/08/2019;0.022751
16/08/2019;0.022751
19/08/2019;0.022751
20/08/2019;0.022751
21/08/2019;0.022751
22/08/2019;0.022751
23/08/2019;0.022751
26/08/2019;0.022751
27/08/2019;0.022751
28/08/2019;0.022751
29/08/2019;0.022751
30/08/2019;0.022751
2/9/2019;0.022751
3/9/2019;0.022751
4/9/2019;0.022751
5/9/2019;0.022751
6/9/2019;0.022751
9/9/2019;0.022751
10/9/2019;0.022751
11/9/2019;0.022751
12/9/2019;0.022751
13/09/2019;0.022751
16/09/2019;0.022751
17/09/2019;0.022751
18/09/2019;0.022751
19/09/2019;0.020872
20/09/2019;0.020872
23/09/2019;0.020872
24/09/2019;0.020872
25/09/2019;0.020872
26/09/2019;0.020872
27/09/2019;0.020872
30/09/2019;0.020872
1/10/2019;0.020872
2/10/2019;0.020872
3/10/2019;0.020872
4/10/2019;0.020872
7/10/2019;0.020872
8/10/2019;0.020872
9/10/2019;0.020872
10/10/2019;0.020872
11/10/2019;0.020872
14/10/2019;0.020872
15/10/2019;0.020872
16/10/2019;0.020872
17/10/2019;0.020872
18/10/2019;0.020872
21/10/2019;0.020872
22/10/2019;0.020872
23/10/2019;0.020872
24/10/2019;0.020872
25/10/2019;0.020872
28/10/2019;0.020872
29/10/2019;0.020872
30/10/2019;0.020872
31/10/2019;0.018985
1/11/2019;0.018985
4/11/2019;0.018985
5/11/2019;0.018985
6/11/2019;0.018985
7/11/2019;0.018985
8/11/2019;0.018985
11/11/2019;0.018985
12/11/2019;0.018985
13/11/2019;0.018985
14/11/2019;0.018985
18/11/2019;0.018985
19/11/2019;0.018985
20/11/2019;0.018985
21/11/2019;0.018985
22/11/2019;0.018985
25/11/2019;0.018985
26/11/2019;0.018985
27/11/2019;0.018985
28/11/2019;0.018985
29/11/2019;0.018985
2/12/2019;0.018985
3/12/2019;0.018985
4/12/2019;0.018985
5/12/2019;0.018985
6/12/2019;0.018985
9/12/2019;0.018985
10/12/2019;0.018985
11/12/2019;0.018985
12/12/2019;0.017089
13/12/2019;0.017089
16/12/2019;0.017089
17/12/2019;0.017089
18/12/2019;0.017089
19/12/2019;0.017089
20/12/2019;0.017089
23/12/2019;0.017089
24/12/2019;0.017089
26/12/2019;0.017089
27/12/2019;0.017089
30/12/2019;0.017089
31/12/2019;0.017089
2/1/2020;0.017089
3/1/2020;0.017089
6/1/2020;0.017089
7/1/2020;0.017089
8/1/2020;0.017089
9/1/2020;0.017089
10/1/2020;0.017089
13/01/2020;0.017089
14/01/2020;0.017089
15/01/2020;0.017089
16/01/2020;0.017089
17/01/2020;0.017089
20/01/2020;0.017089
21/01/2020;0.017089
22/01/2020;0.017089
23/01/2020;0.017089
24/01/2020;0.017089
27/01/2020;0.017089
28/01/2020;0.017089
29/01/2020;0.017089
30/01/2020;0.017089
31/01/2020;0.017089
3/2/2020;0.017089
4/2/2020;0.017089
5/2/2020;0.017089
6/2/2020;0.016137
7/2/2020;0.016137
10/2/2020;0.016137
11/2/2020;0.016137
12/2/2020;0.016137
13/02/2020;0.016137
14/02/2020;0.016137
17/02/2020;0.016137
18/02/2020;0.016137
19/02/2020;0.016137
20/02/2020;0.016137
21/02/2020;0.016137
26/02/2020;0.016137
27/02/2020;0.016137
28/02/2020;0.016137
2/3/2020;0.016137
3/3/2020;0.016137
4/3/2020;0.016137
5/3/2020;0.016137
6/3/2020;0.016137
9/3/2020;0.016137
10/3/2020;0.016137
11/3/2020;0.016137
12/3/2020;0.016137
13/03/2020;0.016137
16/03/2020;0.016137
17/03/2020;0.016137
18/03/2020;0.016137
19/03/2020;0.014227
20/03/2020;0.014227
23/03/2020;0.014227
24/03/2020;0.014227
25/03/2020;0.014227
26/03/2020;0.014227
27/03/2020;0.014227
30/03/2020;0.014227
31/03/2020;0.014227
1/4/2020;0.014227
2/4/2020;0.014227
3/4/2020;0.014227
6/4/2020;0.014227
7/4/2020;0.014227
8/4/2020;0.014227
9/4/2020;0.014227
13/04/2020;0.014227
14/04/2020;0.014227
15/04/2020;0.014227
16/04/2020;0.014227
17/04/2020;0.014227
20/04/2020;0.014227
22/04/2020;0.014227
23/04/2020;0.014227
24/04/2020;0.014227
27/04/2020;0.014227
28/04/2020;0.014227
29/04/2020;0.014227
30/04/2020;0.014227
4/5/2020;0.014227
5/5/2020;0.014227
6/5/2020;0.014227
7/5/2020;0.011345
8/5/2020;0.011345
11/5/2020;0.011345
12/5/2020;0.011345
13/05/2020;0.011345
14/05/2020;0.011345
15/05/2020;0.011345
18/05/2020;0.011345
19/05/2020;0.011345
20/05/2020;0.011345
21/05/2020;0.011345
22/05/2020;0.011345
25/05/2020;0.011345
26/05/2020;0.011345
27/05/2020;0.011345
28/05/2020;0.011345
29/05/2020;0.011345
1/6/2020;0.011345
2/6/2020;0.011345
3/6/2020;0.011345
4/6/2020;0.011345
5/6/2020;0.011345
8/6/2020;0.011345
9/6/2020;0.011345
10/6/2020;0.011345
12/6/2020;0.011345
15/06/2020;0.011345
16/06/2020;0.011345
17/06/2020;0.011345
18/06/2020;0.008442
19/06/2020;0.008442
22/06/2020;0.008442
23/06/2020;0.008442
24/06/2020;0.008442
25/06/2020;0.008442
26/06/2020;0.008442
29/06/2020;0.008442
30/06/2020;0.008442
1/7/2020;0.008442
2/7/2020;0.008442
3/7/2020;0.008442
6/7/2020;0.008442
7/7/2020;0.008442
8/7/2020;0.008442
9/7/2020;0.008442
10/7/2020;0.008442
13/07/2020;0.008442
14/07/2020;0.008442
15/07/2020;0.008442
16/07/2020;0.008442
17/07/2020;0.008442
20/07/2020;0.008442
21/07/2020;0.008442
22/07/2020;0.008442
23/07/2020;0.008442
24/07/2020;0.008442
27/07/2020;0.008442
28/07/2020;0.008442
29/07/2020;0.008442
30/07/2020;0.008442
31/07/2020;0.008442
3/8/2020;0.008442
4/8/2020;0.008442
5/8/2020;0.008442
6/8/2020;0.007469
7/8/2020;0.007469
10/8/2020;0.007469
11/8/2020;0.007469
12/8/2020;0.007469
13/08/2020;0.007469
14/08/2020;0.007469
17/08/2020;0.007469
18/08/2020;0.007469
19/08/2020;0.007469
20/08/2020;0.007469
21/08/2020;0.007469
24/08/2020;0.007469
25/08/2020;0.007469
26/08/2020;0.007469
27/08/2020;0.007469
28/08/2020;0.007469
31/08/2020;0.007469
1/9/2020;0.007469
2/9/2020;0.007469
3/9/2020;0.007469
4/9/2020;0.007469
8/9/2020;0.007469
9/9/2020;0.007469
10/9/2020;0.007469
11/9/2020;0.007469
14/09/2020;0.007469
15/09/2020;0.007469
16/09/2020;0.007469
17/09/2020;0.007469
18/09/2020;0.007469
21/09/2020;0.007469
22/09/2020;0.007469
23/09/2020;0.007469
24/09/2020;0.007469
25/09/2020;0.007469
28/09/2020;0.007469
29/09/2020;0.007469
30/09/2020;0.007469
1/10/2020;0.007469
2/10/2020;0.007469
5/10/2020;0.007469
6/10/2020;0.007469
7/10/2020;0.007469
8/10/2020;0.007469
9/10/2020;0.007469
13/10/2020;0.007469
14/10/2020;0.007469
15/10/2020;0.007469
16/10/2020;0.007469
19/10/2020;0.007469
20/10/2020;0.007469
21/10/2020;0.007469
22/10/2020;0.007469
23/10/2020;0.007469
26/10/2020;0.007469
27/10/2020;0.007469
28/10/2020;0.007469
29/10/2020;0.007469
30/10/2020;0.007469
3/11/2020;0.007469
4/11/2020;0.007469
5/11/2020;0.007469
6/11/2020;0.007469
9/11/2020;0.007469
10/11/2020;0.007469
11/11/2020;0.007469
12/11/2020;0.007469
13/11/2020;0.007469
16/11/2020;0.007469
17/11/2020;0.007469
18/11/2020;0.007469
19/11/2020;0.007469
20/11/2020;0.007469
23/11/2020;0.007469
24/11/2020;0.007469
25/11/2020;0.007469
26/11/2020;0.007469
27/11/2020;0.007469
30/11/2020;0.007469
1/12/2020;0.007469
2/12/2020;0.007469
3/12/2020;0.007469
4/12/2020;0.007469
7/12/2020;0.007469
8/12/2020;0.007469
9/12/2020;0.007469
10/12/2020;0.007469
11/12/2020;0.007469
14/12/2020;0.007469
15/12/2020;0.007469
16/12/2020;0.007469
17/12/2020;0.007469
18/12/2020;0.007469
21/12/2020;0.007469
22/12/2020;0.007469
23/12/2020;0.007469
24/12/2020;0.007469
28/12/2020;0.007469
29/12/2020;0.007469
30/12/2020;0.007469
31/12/2020;0.007469
4/1/2021;0.007469
5/1/2021;0.007469
6/1/2021;0.007469
7/1/2021;0.007469
8/1/2021;0.007469
11/1/2021;0.007469
12/1/2021;0.007469
13/01/2021;0.007469
14/01/2021;0.007469
15/01/2021;0.007469
18/01/2021;0.007469
19/01/2021;0.007469
20/01/2021;0.007469
21/01/2021;0.007469
22/01/2021;0.007469
25/01/2021;0.007469
26/01/2021;0.007469
27/01/2021;0.007469
28/01/2021;0.007469
29/01/2021;0.007469
1/2/2021;0.007469
2/2/2021;0.007469
3/2/2021;0.007469
4/2/2021;0.007469
5/2/2021;0.007469
8/2/2021;0.007469
9/2/2021;0.007469
10/2/2021;0.007469
11/2/2021;0.007469
12/2/2021;0.007469
17/02/2021;0.007469
18/02/2021;0.007469
19/02/2021;0.007469
22/02/2021;0.007469
23/02/2021;0.007469
24/02/2021;0.007469
25/02/2021;0.007469
26/02/2021;0.007469
1/3/2021;0.007469
2/3/2021;0.007469
3/3/2021;0.007469
4/3/2021;0.007469
5/3/2021;0.007469
8/3/2021;0.007469
9/3/2021;0.007469
10/3/2021;0.007469
11/3/2021;0.007469
12/3/2021;0.007469
15/03/2021;0.007469
16/03/2021;0.007469
17/03/2021;0.007469
18/03/2021;0.010379
19/03/2021;0.010379
22/03/2021;0.010379
23/03/2021;0.010379
24/03/2021;0.010379
25/03/2021;0.010379
26/03/2021;0.010379
29/03/2021;0.010379
30/03/2021;0.010379
31/03/2021;0.010379
1/4/2021;0.010379
5/4/2021;0.010379
6/4/2021;0.010379
7/4/2021;0.010379
8/4/2021;0.010379
9/4/2021;0.010379
12/4/2021;0.010379
13/04/2021;0.010379
14/04/2021;0.010379
15/04/2021;0.010379
16/04/2021;0.010379
19/04/2021;0.010379
20/04/2021;0.010379
22/04/2021;0.010379
23/04/2021;0.010379
26/04/2021;0.010379
27/04/2021;0.010379
28/04/2021;0.010379
29/04/2021;0.010379
30/04/2021;0.010379
3/5/2021;0.010379
4/5/2021;0.010379
5/5/2021;0.010379
6/5/2021;0.013269
7/5/2021;0.013269
10/5/2021;0.013269
11/5/2021;0.013269
12/5/2021;0.013269
13/05/2021;0.013269
14/05/2021;0.013269
17/05/2021;0.013269
18/05/2021;0.013269
19/05/2021;0.013269
20/05/2021;0.013269
21/05/2021;0.013269
24/05/2021;0.013269
25/05/2021;0.013269
26/05/2021;0.013269
27/05/2021;0.013269
28/05/2021;0.013269
31/05/2021;0.013269
1/6/2021;0.013269
2/6/2021;0.013269
4/6/2021;0.013269
7/6/2021;0.013269
8/6/2021;0.013269
9/6/2021;0.013269
10/6/2021;0.013269
11/6/2021;0.013269
14/06/2021;0.013269
15/06/2021;0.013269
16/06/2021;0.013269
17/06/2021;0.016137
18/06/2021;0.016137
21/06/2021;0.016137
22/06/2021;0.016137
23/06/2021;0.016137
24/06/2021;0.016137
25/06/2021;0.016137
28/06/2021;0.016137
29/06/2021;0.016137
30/06/2021;0.016137
1/7/2021;0.016137
2/7/2021;0.016137
5/7/2021;0.016137
6/7/2021;0.016137
7/7/2021;0.016137
8/7/2021;0.016137
9/7/2021;0.016137
12/7/2021;0.016137
13/07/2021;0.016137
14/07/2021;0.016137
15/07/2021;0.016137
16/07/2021;0.016137
19/07/2021;0.016137
20/07/2021;0.016137
21/07/2021;0.016137
22/07/2021;0.016137
23/07/2021;0.016137
26/07/2021;0.016137
27/07/2021;0.016137
28/07/2021;0.016137
29/07/2021;0.016137
30/07/2021;0.016137
2/8/2021;0.016137
3/8/2021;0.016137
4/8/2021;0.016137
5/8/2021;0.019930
6/8/2021;0.019930
9/8/2021;0.019930
10/8/2021;0.019930
11/8/2021;0.019930
12/8/2021;0.019930
13/08/2021;0.019930
16/08/2021;0.019930
17/08/2021;0.019930
18/08/2021;0.019930
19/08/2021;0.019930
20/08/2021;0.019930
23/08/2021;0.019930
24/08/2021;0.019930
25/08/2021;0.019930
26/08/2021;0.019930
27/08/2021;0.019930
30/08/2021;0.019930
31/08/2021;0.019930
1/9/2021;0.019930
2/9/2021;0.019930
3/9/2021;0.019930
6/9/2021;0.019930
8/9/2021;0.019930
9/9/2021;0.019930
10/9/2021;0.019930
13/09/2021;0.019930
14/09/2021;0.019930
15/09/2021;0.019930
16/09/2021;0.019930
17/09/2021;0.019930
20/09/2021;0.019930
21/09/2021;0.019930
22/09/2021;0.019930
23/09/2021;0.023687
24/09/2021;0.023687
27/09/2021;0.023687
28/09/2021;0.023687
29/09/2021;0.023687
30/09/2021;0.023687
1/10/2021;0.023687
4/10/2021;0.023687
5/10/2021;0.023687
6/10/2021;0.023687
7/10/2021;0.023687
8/10/2021;0.023687
11/10/2021;0.023687
13/10/2021;0.023687
14/10/2021;0.023687
15/10/2021;0.023687
18/10/2021;0.023687
19/10/2021;0.023687
20/10/2021;0.023687
21/10/2021;0.023687
22/10/2021;0.023687
25/10/2021;0.023687
26/10/2021;0.023687
27/10/2021;0.023687
28/10/2021;0.029256
29/10/2021;0.029256
1/11/2021;0.029256
3/11/2021;0.029256
4/11/2021;0.029256
5/11/2021;0.029256
8/11/2021;0.029256
9/11/2021;0.029256
10/11/2021;0.029256
11/11/2021;0.029256
12/11/2021;0.029256
16/11/2021;0.029256
17/11/2021;0.029256
18/11/2021;0.029256
19/11/2021;0.029256
22/11/2021;0.029256
23/11/2021;0.029256
24/11/2021;0.029256
25/11/2021;0.029256
26/11/2021;0.029256
29/11/2021;0.029256
30/11/2021;0.029256
1/12/2021;0.029256
2/12/2021;0.029256
3/12/2021;0.029256
6/12/2021;0.029256
7/12/2021;0.029256
8/12/2021;0.029256
9/12/2021;0.034749
10/12/2021;0.034749
13/12/2021;0.034749
14/12/2021;0.034749
15/12/2021;0.034749
16/12/2021;0.034749
17/12/2021;0.034749
20/12/2021;0.034749
21/12/2021;0.034749
22/12/2021;0.034749
23/12/2021;0.034749
24/12/2021;0.034749
27/12/2021;0.034749
28/12/2021;0.034749
29/12/2021;0.034749
30/12/2021;0.034749
31/12/2021;0.034749
3/1/2022;0.034749
4/1/2022;0.034749
5/1/2022;0.034749
6/1/2022;0.034749
7/1/2022;0.034749
10/1/2022;0.034749
11/1/2022;0.034749
12/1/2022;0.034749
13/01/2022;0.034749
14/01/2022;0.034749
17/01/2022;0.034749
18/01/2022;0.034749
19/01/2022;0.034749
20/01/2022;0.034749
21/01/2022;0.034749
24/01/2022;0.034749
25/01/2022;0.034749
26/01/2022;0.034749
27/01/2022;0.034749
28/01/2022;0.034749
31/01/2022;0.034749
1/2/2022;0.034749
2/2/2022;0.034749
3/2/2022;0.040168
4/2/2022;0.040168
7/2/2022;0.040168
8/2/2022;0.040168
9/2/2022;0.040168
10/2/2022;0.040168
11/2/2022;0.040168
14/02/2022;0.040168
15/02/2022;0.040168
16/02/2022;0.040168
17/02/2022;0.040168
18/02/2022;0.040168
21/02/2022;0.040168
22/02/2022;0.040168
23/02/2022;0.040168
24/02/2022;0.040168
25/02/2022;0.040168
2/3/2022;0.040168
3/3/2022;0.040168
4/3/2022;0.040168
7/3/2022;0.040168
8/3/2022;0.040168
9/3/2022;0.040168
10/3/2022;0.040168
11/3/2022;0.040168
14/03/2022;0.040168
15/03/2022;0.040168
16/03/2022;0.040168
17/03/2022;0.043739
18/03/2022;0.043739
21/03/2022;0.043739
22/03/2022;0.043739
23/03/2022;0.043739
24/03/2022;0.043739
25/03/2022;0.043739
28/03/2022;0.043739
29/03/2022;0.043739
30/03/2022;0.043739
31/03/2022;0.043739
1/4/2022;0.043739
4/4/2022;0.043739
5/4/2022;0.043739
6/4/2022;0.043739
7/4/2022;0.043739
8/4/2022;0.043739
11/4/2022;0.043739
12/4/2022;0.043739
13/04/2022;0.043739
14/04/2022;0.043739
18/04/2022;0.043739
19/04/2022;0.043739
20/04/2022;0.043739
22/04/2022;0.043739
25/04/2022;0.043739
26/04/2022;0.043739
27/04/2022;0.043739
28/04/2022;0.043739
29/04/2022;0.043739
2/5/2022;0.043739
3/5/2022;0.043739
4/5/2022;0.043739
5/5/2022;0.047279
6/5/2022;0.047279
9/5/2022;0.047279
10/5/2022;0.047279
11/5/2022;0.047279
12/5/2022;0.047279
13/05/2022;0.047279
16/05/2022;0.047279
17/05/2022;0.047279
18/05/2022;0.047279
19/05/2022;0.047279
20/05/2022;0.047279
23/05/2022;0.047279
24/05/2022;0.047279
25/05/2022;0.047279
26/05/2022;0.047279
27/05/2022;0.047279
30/05/2022;0.047279
31/05/2022;0.047279
1/6/2022;0.047279
2/6/2022;0.047279
3/6/2022;0.047279
6/6/2022;0.047279
7/6/2022;0.047279
8/6/2022;0.047279
9/6/2022;0.047279
10/6/2022;0.047279
13/06/2022;0.047279
14/06/2022;0.047279
15/06/2022;0.047279
17/06/2022;0.049037
20/06/2022;0.049037
21/06/2022;0.049037
22/06/2022;0.049037
23/06/2022;0.049037
24/06/2022;0.049037
27/06/2022;0.049037
28/06/2022;0.049037
29/06/2022;0.049037
30/06/2022;0.049037
1/7/2022;0.049037
4/7/2022;0.049037
5/7/2022;0.049037
6/7/2022;0.049037
7/7/2022;0.049037
8/7/2022;0.049037
11/7/2022;0.049037
12/7/2022;0.049037
13/07/2022;0.049037
14/07/2022;0.049037
15/07/2022;0.049037
18/07/2022;0.049037
19/07/2022;0.049037
20/07/2022;0.049037
21/07/2022;0.049037
22/07/2022;0.049037
25/07/2022;0.049037
26/07/2022;0.049037
27/07/2022;0.049037
28/07/2022;0.049037
29/07/2022;0.049037
1/8/2022;0.049037
2/8/2022;0.049037
3/8/2022;0.049037
4/8/2022;0.050788
5/8/2022;0.050788
8/8/2022;0.050788
9/8/2022;0.050788
10/8/2022;0.050788
11/8/2022;0.050788
12/8/2022;0.050788
15/08/2022;0.050788
16/08/2022;0.050788
17/08/2022;0.050788
18/08/2022;0.050788
19/08/2022;0.050788
22/08/2022;0.050788
23/08/2022;0.050788
24/08/2022;0.050788
25/08/2022;0.050788
26/08/2022;0.050788
29/08/2022;0.050788
30/08/2022;0.050788
31/08/2022;0.050788
1/9/2022;0.050788
2/9/2022;0.050788
